Statement,Header,Field Name,Field Value
Statement,Data,BrokerName,Interactive Brokers LLC
Statement,Data,BrokerAddress,"Two Pickwick Plaza, Greenwich, CT 06830"
Statement,Data,Title,Activity Statement
Statement,Data,Period,"September 1, 2025 - September 17, 2025"
Statement,Data,WhenGenerated,"2025-09-18, 19:48:05 EDT"
Disclaimer,Header,Field Name,Field Value
Disclaimer,Data,Disclaimer,"This combined statement of your securities and/or commodities accounts at Interactive Brokers LLC (“IB”) and your digital asset (cryptocurrency) account at Paxos Trust Company (“Paxos”) is being provided solely for your convenience and may include assets that may not be held by Interactive Brokers LLC. This summary statement does not replace any other statement(s) you may receive from other financial institutions that hold your assets. IB is not party to any transactions in digital assets, and do not custody digital assets on your behalf.  Paxos is your counterparty to any transactions in digital assets, and any positions in digital assets are custodied solely with Paxos and held in an account in your name outside of IB.  Paxos is a New York Limited Trust Company and is regulated by the New York State Department of Financial Services. Although IB is a member of SIPC, digital assets held with Paxos are not protected by SIPC. For your convenience, IB provides consolidated trade confirmations and account statements for the activity in your Paxos account and your IB brokerage account.  Positions held at, and activity occurring in, your Paxos account can be identified in each section under the heading “Carried by Paxos”, or in line items labeled “at Paxos”. None of the other information or footnotes in this document apply in any way to the digital asset portions of this document.  Please review the “Paxos Exchange Terms and Conditions”, the “Supplement to Interactive Brokers LLC Client Agreement in Connection with Trading Digital Assets with Paxos Trust Company Through IB's Platform” and the “Disclosure of Risks of Trading Digital Assets” for additional information."
Account Information,Header,Field Name,Field Value
Account Information,Data,Name,yaakov shalom shachar
Account Information,Data,Account,DU7647040 (Custom Consolidated)
Account Information,Data,Accounts Included,"DU7647040, DU7647040-P (Paxos)"
Account Information,Data,Account Type,Broker Client
Account Information,Data,Customer Type,Individual
Account Information,Data,Account Capabilities,Margin
Account Information,Data,Base Currency,USD
Net Asset Value,Header,Asset Class,Prior Total,Current Long,Current Short,Current Total,Change
Net Asset Value,Data,Cash ,-558167.425910864,0,-379446.223105864,-379446.223105864,178721.202805
Net Asset Value,Data,Stock,828078.86,657117.56,0,657117.56,-170961.3
Net Asset Value,Data,Interest Accruals,-325.15,0,-1460.19,-1460.19,-1135.04
Net Asset Value,Data,Total,269586.284089136,657117.56,-380906.413105864,276211.146894136,6624.862805
Net Asset Value,Header,Time Weighted Rate of Return
Net Asset Value,Data,2.457418347%
Change in Combined NAV,Header,Field Name,Field Value
Change in NAV,Data,Starting Value,269586.284089136
Change in NAV,Data,Mark-to-Market,7559
Change in NAV,Data,Dividends,1146.6
Change in NAV,Data,Interest,-577.21
Change in NAV,Data,Change in Interest Accruals,-1135.04
Change in NAV,Data,Commissions,-368.487195
Change in NAV,Data,Ending Value,276211.146894136
Mark-to-Market Performance Summary,Header,Asset Category,Symbol,Prior Quantity,Current Quantity,Prior Price,Current Price,Mark-to-Market P/L Position,Mark-to-Market P/L Transaction,Mark-to-Market P/L Commissions,Mark-to-Market P/L Other,Mark-to-Market P/L Total,Code
Mark-to-Market Performance Summary,Data,Stocks,AAPL,0,0,--,--,-1230.99,341.88,-2.024365,0,-891.134365,
Mark-to-Market Performance Summary,Data,Stocks,ABBV,0,0,--,--,316.16,-483.32,-2.02688,0,-169.18688,
Mark-to-Market Performance Summary,Data,Stocks,ADI,145,0,251.3100,--,-614.8,-139.2,-1.02726,143.55,-611.47726,
Mark-to-Market Performance Summary,Data,Stocks,ALAB,0,122,--,249.3800,4256.58,46.36,-1.002684,0,4301.937316,
Mark-to-Market Performance Summary,Data,Stocks,ALLY,134,134,41.0500,43.9500,388.6,0,0,0,388.6,
Mark-to-Market Performance Summary,Data,Stocks,AMAT,53,0,160.7600,--,876.59,-624.74,-3.045244,0,248.804756,
Mark-to-Market Performance Summary,Data,Stocks,AMZN,23,0,229.0000,--,21.85,20.01,-1.004439,0,40.855561,
Mark-to-Market Performance Summary,Data,Stocks,ANET,96,0,136.5500,--,852.48,-520.32,-1.018048,0,331.141952,
Mark-to-Market Performance Summary,Data,Stocks,APH,117,117,108.8600,118.4100,1117.35,0,0,19.31,1136.66,
Mark-to-Market Performance Summary,Data,Stocks,APP,25,25,478.5900,606.6600,3201.75,0,0,0,3201.75,
Mark-to-Market Performance Summary,Data,Stocks,AVGO,0,80,--,346.1700,41.6,102.4,-1.00176,0,142.99824,
Mark-to-Market Performance Summary,Data,Stocks,AXP,83,0,331.2800,--,-576.02,-124.5,-1.015604,0,-701.535604,
Mark-to-Market Performance Summary,Data,Stocks,BK,254,0,105.6000,--,-401.32,-83.82,-1.317752,0,-486.457752,
Mark-to-Market Performance Summary,Data,Stocks,BX,0,156,--,183.6200,-15.6,-198,-1.003432,0,-214.603432,
Mark-to-Market Performance Summary,Data,Stocks,CARR,125,0,65.2000,--,38.75,-187.5,-1.0235,0,-149.7735,
Mark-to-Market Performance Summary,Data,Stocks,CART,0,0,--,--,240.8,-666.4,-5.7176,0,-431.3176,
Mark-to-Market Performance Summary,Data,Stocks,CAT,13,0,419.0400,--,52.52,-16.51,-1.002444,0,35.007556,
Mark-to-Market Performance Summary,Data,Stocks,CCL,201,0,31.8900,--,-66.33,56.28,-1.042788,0,-11.092788,
Mark-to-Market Performance Summary,Data,Stocks,CEG,0,0,--,--,-142.245,-764.295,-2.01827,0,-908.55827,
Mark-to-Market Performance Summary,Data,Stocks,CFG,518,0,52.2800,--,-595.7,58.26,-2.687384,0,-540.127384,
Mark-to-Market Performance Summary,Data,Stocks,CIEN,0,229,--,136.3800,3980.02,-20.61,-1.150038,0,3958.259962,
Mark-to-Market Performance Summary,Data,Stocks,CL,49,0,84.0700,--,51.94,-85.26,-1.009212,0,-34.329212,
Mark-to-Market Performance Summary,Data,Stocks,CNC,0,0,--,--,456.33,1075.25,-8.79081,0,1522.78919,
Mark-to-Market Performance Summary,Data,Stocks,CNM,0,0,--,--,-7212,225,-4.084,0,-6991.084,
Mark-to-Market Performance Summary,Data,Stocks,COF,47,0,227.2200,--,-334.64,89.3,-1.008836,0,-246.348836,
Mark-to-Market Performance Summary,Data,Stocks,COHR,0,0,--,--,911.2,-690.88,-2.77712,0,217.54288,
Mark-to-Market Performance Summary,Data,Stocks,CPB,0,0,--,--,-267.58,-429.46,-8.03527,0,-705.07527,
Mark-to-Market Performance Summary,Data,Stocks,CPNG,0,843,--,33.5300,1011.6,969.4,-4.233546,0,1976.766454,
Mark-to-Market Performance Summary,Data,Stocks,CRWD,21,0,423.7000,--,-94.19,-264.03,-3.017493,0,-361.237493,
Mark-to-Market Performance Summary,Data,Stocks,CSX,151,0,32.5100,--,3.02,3.02,-1.028388,19.63,24.641612,
Mark-to-Market Performance Summary,Data,Stocks,CTVA,360,0,74.1900,--,-680.4,11.8,-1.86848,64.8,-605.66848,
Mark-to-Market Performance Summary,Data,Stocks,CVNA,36,0,371.9200,--,-109.44,148.32,-1.006768,0,37.873232,
Mark-to-Market Performance Summary,Data,Stocks,DASH,0,0,--,--,-225.42,187.68,-2.02142,0,-39.76142,
Mark-to-Market Performance Summary,Data,Stocks,DHI,0,0,--,--,-1162.77,758.52,-2.03087,0,-406.28087,
Mark-to-Market Performance Summary,Data,Stocks,DLR,0,0,--,--,-176.67,-61.91,-2.03171,0,-240.61171,
Mark-to-Market Performance Summary,Data,Stocks,DLTR,117,0,109.1700,--,-941.85,-107.51,-1.021996,0,-1050.381996,
Mark-to-Market Performance Summary,Data,Stocks,DOCS,0,397,--,72.6700,234.23,-313.63,-1.993734,0,-81.393734,
Mark-to-Market Performance Summary,Data,Stocks,DOCU,0,0,--,--,-499.15,27.5,-3.420525,0,-475.070525,
Mark-to-Market Performance Summary,Data,Stocks,EMR,0,0,--,--,114.8,-586.3,-2.09305,0,-473.59305,
Mark-to-Market Performance Summary,Data,Stocks,ENTG,0,319,--,92.1000,-162.69,354.09,-1.602018,0,189.797982,
Mark-to-Market Performance Summary,Data,Stocks,EQT,170,0,51.8400,--,-40.8,-62.9,-1.03196,0,-104.73196,
Mark-to-Market Performance Summary,Data,Stocks,ES,142,0,64.0700,--,-76.68,-18.46,-1.026696,0,-96.166696,
Mark-to-Market Performance Summary,Data,Stocks,EXAS,0,0,--,--,-229.08,212.24,-5.08608,0,-21.92608,
Mark-to-Market Performance Summary,Data,Stocks,F,852,0,11.7700,--,-298.2,29.56,-4.420176,0,-273.060176,
Mark-to-Market Performance Summary,Data,Stocks,FCX,600,0,44.4000,--,288,-313,-3.1128,0,-28.1128,
Mark-to-Market Performance Summary,Data,Stocks,FIS,110,0,69.8100,--,-117.7,-25.2,-1.02068,0,-143.92068,
Mark-to-Market Performance Summary,Data,Stocks,FLEX,497,497,53.6200,56.4600,1411.48,0,0,0,1411.48,
Mark-to-Market Performance Summary,Data,Stocks,FTAI,0,159,--,174.0400,1375.35,-165.59,-1.003498,0,1208.756502,
Mark-to-Market Performance Summary,Data,Stocks,FTI,0,0,--,--,-824.32,208.52,-6.57524,0,-622.37524,
Mark-to-Market Performance Summary,Data,Stocks,FTV,0,0,--,--,-27,-41,-2.021,0,-70.021,
Mark-to-Market Performance Summary,Data,Stocks,GEHC,0,0,--,--,-254.25,-572.91,-3.46119,0,-830.62119,
Mark-to-Market Performance Summary,Data,Stocks,GEV,23,0,612.9700,--,-710.47,412.16,-1.004324,0,-299.314324,
Mark-to-Market Performance Summary,Data,Stocks,GILD,42,0,112.9700,--,87.36,-103.74,-1.007896,0,-17.387896,
Mark-to-Market Performance Summary,Data,Stocks,GIS,0,0,--,--,121.67,-168.41,-5.40109,0,-52.14109,
Mark-to-Market Performance Summary,Data,Stocks,GLW,0,376,--,76.8800,1778.48,221.12,-1.888272,0,1997.711728,
Mark-to-Market Performance Summary,Data,Stocks,GME,0,1134,--,26.1000,1961.82,-861.84,-5.694948,0,1094.285052,
Mark-to-Market Performance Summary,Data,Stocks,GOOGL,26,26,212.9100,249.5300,952.12,0,0,5.46,957.58,
Mark-to-Market Performance Summary,Data,Stocks,GS,0,35,--,794.2200,862.4,230.3,-1.00077,0,1091.69923,
Mark-to-Market Performance Summary,Data,Stocks,HBAN,1522,0,17.8100,--,-410.94,-371.28,-7.896136,0,-790.116136,
Mark-to-Market Performance Summary,Data,Stocks,HD,0,63,--,417.0000,-185.22,62.37,-1.001386,0,-123.851386,
Mark-to-Market Performance Summary,Data,Stocks,HRL,152,0,25.4400,--,33.44,-62.32,-1.028576,0,-29.908576,
Mark-to-Market Performance Summary,Data,Stocks,HST,313,313,17.2100,17.5200,97.03,0,0,0,97.03,
Mark-to-Market Performance Summary,Data,Stocks,HWM,65,0,174.1000,--,174.94,-269.68,-5.07417,0,-99.81417,
Mark-to-Market Performance Summary,Data,Stocks,IBM,0,0,--,--,-229.69,535.6,-2.02163,0,303.88837,
Mark-to-Market Performance Summary,Data,Stocks,IOT,0,0,--,--,-1768.08,-607.12,-6.49356,0,-2381.69356,
Mark-to-Market Performance Summary,Data,Stocks,KEY,281,0,19.3600,--,-205.13,59.01,-1.457828,57.61,-89.967828,
Mark-to-Market Performance Summary,Data,Stocks,KMB,32,0,129.1400,--,24,-60.16,-1.006016,40.32,3.153984,
Mark-to-Market Performance Summary,Data,Stocks,KMI,0,0,--,--,9.62,184.4,-9.82202,0,184.19798,
Mark-to-Market Performance Summary,Data,Stocks,LOW,0,0,--,--,326.89,-840.02,-2.02037,0,-515.15037,
Mark-to-Market Performance Summary,Data,Stocks,LRCX,0,241,--,121.9000,344.63,104.12,-1.210302,0,447.539698,
Mark-to-Market Performance Summary,Data,Stocks,LUV,797,0,32.9000,--,-1203.47,-199.25,-4.134836,143.46,-1263.394836,
Mark-to-Market Performance Summary,Data,Stocks,LVS,114,0,57.6300,--,-448.02,151.52,-1.021432,0,-297.521432,
Mark-to-Market Performance Summary,Data,Stocks,LYV,0,0,--,--,-240.21,169.56,-2.03297,0,-72.68297,
Mark-to-Market Performance Summary,Data,Stocks,MU,47,47,119.0100,159.9900,1926.06,0,0,0,1926.06,
Mark-to-Market Performance Summary,Data,Stocks,NCLH,0,0,--,--,-1330.96,-303.44,-10.70008,0,-1645.10008,
Mark-to-Market Performance Summary,Data,Stocks,NDAQ,0,0,--,--,-320.46,-196.98,-3.00174,0,-520.44174,
Mark-to-Market Performance Summary,Data,Stocks,NET,0,121,--,213.8800,-566.28,-29.04,-1.002662,0,-596.322662,
Mark-to-Market Performance Summary,Data,Stocks,NFLX,8,0,"1,208.2500",--,-643.85,688.23,-3.005914,0,41.374086,
Mark-to-Market Performance Summary,Data,Stocks,NLY,0,0,--,--,-315.38,57.39,-12.38473,0,-270.37473,
Mark-to-Market Performance Summary,Data,Stocks,NRG,82,0,145.5600,--,1362.44,-2514.09,-5.085976,0,-1156.735976,
Mark-to-Market Performance Summary,Data,Stocks,NTNX,0,0,--,--,690.3,283.2,-3.61434,0,969.88566,
Mark-to-Market Performance Summary,Data,Stocks,O,0,469,--,59.7100,-328.3,142.7,-2.355318,0,-187.955318,
Mark-to-Market Performance Summary,Data,Stocks,PCG,0,0,--,--,-646.2,-595.35,-18.32695,0,-1259.87695,
Mark-to-Market Performance Summary,Data,Stocks,PINS,0,0,--,--,-1023.7,866.32,-7.20856,0,-164.58856,
Mark-to-Market Performance Summary,Data,Stocks,PNC,26,0,207.4400,--,-182.78,69.16,-1.004888,0,-114.624888,
Mark-to-Market Performance Summary,Data,Stocks,PSX,205,0,133.5800,--,-264.45,-235.75,-1.06354,0,-501.26354,
Mark-to-Market Performance Summary,Data,Stocks,PYPL,64,0,70.1900,--,-123.52,36.48,-1.012032,0,-88.052032,
Mark-to-Market Performance Summary,Data,Stocks,RBLX,133,0,124.5900,--,412.3,558.57,-1.025004,0,969.844996,
Mark-to-Market Performance Summary,Data,Stocks,RBRK,0,0,--,--,-5708.97,1830.97,-2.82817,0,-3880.82817,
Mark-to-Market Performance Summary,Data,Stocks,RCL,75,0,363.2200,--,-912,145.5,-1.0141,0,-767.5141,
Mark-to-Market Performance Summary,Data,Stocks,RF,983,0,27.3900,--,-344.05,-205.09,-5.101304,260.5,-293.741304,
Mark-to-Market Performance Summary,Data,Stocks,RKLB,553,0,48.6000,--,-1082.06,-4091.33,-8.300684,0,-5181.690684,
Mark-to-Market Performance Summary,Data,Stocks,RKT,0,1322,--,21.1600,898.96,19.22,-6.641084,0,911.538916,
Mark-to-Market Performance Summary,Data,Stocks,RTX,166,0,158.6000,--,-727.08,419.98,-1.031208,0,-308.131208,
Mark-to-Market Performance Summary,Data,Stocks,SNAP,0,0,--,--,965,341.46,-39.4106,0,1267.0494,
Mark-to-Market Performance Summary,Data,Stocks,STX,161,161,167.4000,213.3600,7399.56,0,0,0,7399.56,
Mark-to-Market Performance Summary,Data,Stocks,SYF,353,0,76.3400,--,-95.31,-437.72,-1.831364,0,-534.861364,
Mark-to-Market Performance Summary,Data,Stocks,TEAM,0,0,--,--,348.94,-1218.48,-2.03066,0,-871.57066,
Mark-to-Market Performance Summary,Data,Stocks,TFC,574,0,46.8200,--,-878.22,327.92,-2.977912,0,-553.277912,
Mark-to-Market Performance Summary,Data,Stocks,TPR,0,0,--,--,99.18,-195.75,-2.66481,0,-99.23481,
Mark-to-Market Performance Summary,Data,Stocks,TSLA,0,0,--,--,1951.68,1852.12,-2.01596,0,3801.78404,
Mark-to-Market Performance Summary,Data,Stocks,TXN,24,0,202.4800,--,-349.2,-22.32,-1.004632,0,-372.524632,
Mark-to-Market Performance Summary,Data,Stocks,UBER,114,291,93.7500,92.9500,-1734.72,-398.96,-2.483334,0,-2136.163334,
Mark-to-Market Performance Summary,Data,Stocks,UNH,0,0,--,--,-392.92,-95.76,-2.01634,167.96,-322.73634,
Mark-to-Market Performance Summary,Data,Stocks,USB,104,0,48.8300,--,81.12,-106.08,-1.019552,0,-25.979552,
Mark-to-Market Performance Summary,Data,Stocks,VLO,181,0,152.0100,--,852.51,190.05,-1.034028,0,1041.525972,
Mark-to-Market Performance Summary,Data,Stocks,VST,0,134,--,208.3100,556.17,-2162.79,-3.029323,0,-1609.649323,
Mark-to-Market Performance Summary,Data,Stocks,VTR,0,0,--,--,-801.8,232.8,-3.8798,0,-572.8798,
Mark-to-Market Performance Summary,Data,Stocks,WBD,0,0,--,--,4235.92,7483.11,-21.45421,0,11697.57579,
Mark-to-Market Performance Summary,Data,Stocks,WDC,0,291,--,100.9400,2226.15,151.32,-1.461402,0,2376.008598,
Mark-to-Market Performance Summary,Data,Stocks,WFC,326,0,82.1800,--,-1049.72,865.9,-1.691288,0,-185.511288,
Mark-to-Market Performance Summary,Data,Stocks,WMB,0,0,--,--,-618.24,336,-4.57408,224,-62.81408,
Mark-to-Market Performance Summary,Data,Stocks,Z,0,0,--,--,613.6,-1787.7,-3.01195,0,-1177.11195,
Mark-to-Market Performance Summary,Data,Stocks,ZTS,27,0,156.4000,--,-83.16,-22.14,-1.005076,0,-106.305076,
Mark-to-Market Performance Summary,Data,Total,,,,,,9334.895,-1775.895,-368.487195,1146.6,8337.112805,
Mark-to-Market Performance Summary,Data,Total (All Assets),,,,,,9334.895,-1775.895,-368.487195,1146.6,8337.112805,
Mark-to-Market Performance Summary,Data,Broker Interest Paid and Received,,,,,,,,,,-577.21,
Total P/L for Statement Period,,,,,,,,,,,,7759.902805,
Realized & Unrealized Performance Summary,Header,Asset Category,Symbol,Cost Adj.,Realized S/T Profit,Realized S/T Loss,Realized L/T Profit,Realized L/T Loss,Realized Total,Unrealized S/T Profit,Unrealized S/T Loss,Unrealized L/T Profit,Unrealized L/T Loss,Unrealized Total,Total,Code
Realized & Unrealized Performance Summary,Data,Stocks,AAPL,0,0,-891.134365,0,0,-891.134365,0,0,0,0,0,-891.134365,
Realized & Unrealized Performance Summary,Data,Stocks,ABBV,0,0,-169.18688,0,0,-169.18688,0,0,0,0,0,-169.18688,
Realized & Unrealized Performance Summary,Data,Stocks,ADI,0,849.04809838,-717.53908138,0,0,131.509017,0,0,0,0,0,131.509017,
Realized & Unrealized Performance Summary,Data,Stocks,ALAB,0,0,0,0,0,0,4301.937316,0,0,0,4301.937316,4301.937316,
Realized & Unrealized Performance Summary,Data,Stocks,ALLY,0,0,0,0,0,0,1269.31531,0,0,0,1269.31531,1269.31531,
Realized & Unrealized Performance Summary,Data,Stocks,AMAT,0,276.84472,-710.091819,0,0,-433.247099,0,0,0,0,0,-433.247099,
Realized & Unrealized Performance Summary,Data,Stocks,AMZN,0,640.384756,0,0,0,640.384756,0,0,0,0,0,640.384756,
Realized & Unrealized Performance Summary,Data,Stocks,ANET,0,4211.418592,0,0,0,4211.418592,0,0,0,0,0,4211.418592,
Realized & Unrealized Performance Summary,Data,Stocks,APH,0,0,0,0,0,0,5089.305905,0,0,0,5089.305905,5089.305905,
Realized & Unrealized Performance Summary,Data,Stocks,APP,0,0,0,0,0,0,6302.99885,0,0,0,6302.99885,6302.99885,
Realized & Unrealized Performance Summary,Data,Stocks,AVGO,0,0,0,0,0,0,142.99824,0,0,0,142.99824,142.99824,
Realized & Unrealized Performance Summary,Data,Stocks,AXP,0,234.53257,0,0,0,234.53257,0,0,0,0,0,234.53257,
Realized & Unrealized Performance Summary,Data,Stocks,BK,0,0,-274.37334,0,0,-274.37334,0,0,0,0,0,-274.37334,
Realized & Unrealized Performance Summary,Data,Stocks,BX,0,0,0,0,0,0,0,-214.603432,0,0,-214.603432,-214.603432,
Realized & Unrealized Performance Summary,Data,Stocks,CARR,0,0,-849.52815,0,0,-849.52815,0,0,0,0,0,-849.52815,
Realized & Unrealized Performance Summary,Data,Stocks,CART,0,0,-431.3176,0,0,-431.3176,0,0,0,0,0,-431.3176,
Realized & Unrealized Performance Summary,Data,Stocks,CAT,0,935.427101,0,0,0,935.427101,0,0,0,0,0,935.427101,
Realized & Unrealized Performance Summary,Data,Stocks,CCL,0,1778.805177,0,0,0,1778.805177,0,0,0,0,0,1778.805177,
Realized & Unrealized Performance Summary,Data,Stocks,CEG,0,0,-908.55827,0,0,-908.55827,0,0,0,0,0,-908.55827,
Realized & Unrealized Performance Summary,Data,Stocks,CFG,0,47.79122,0,0,0,47.79122,0,0,0,0,0,47.79122,
Realized & Unrealized Performance Summary,Data,Stocks,CIEN,0,0,0,0,0,0,3958.259962,0,0,0,3958.259962,3958.259962,
Realized & Unrealized Performance Summary,Data,Stocks,CL,0,0,-450.360927,0,0,-450.360927,0,0,0,0,0,-450.360927,
Realized & Unrealized Performance Summary,Data,Stocks,CNC,0,1522.78919,0,0,0,1522.78919,0,0,0,0,0,1522.78919,
Realized & Unrealized Performance Summary,Data,Stocks,CNM,0,0,-6991.084,0,0,-6991.084,0,0,0,0,0,-6991.084,
Realized & Unrealized Performance Summary,Data,Stocks,COF,0,1499.639519,0,0,0,1499.639519,0,0,0,0,0,1499.639519,
Realized & Unrealized Performance Summary,Data,Stocks,COHR,0,217.54288,0,0,0,217.54288,0,0,0,0,0,217.54288,
Realized & Unrealized Performance Summary,Data,Stocks,CPB,0,0,-705.07527,0,0,-705.07527,0,0,0,0,0,-705.07527,
Realized & Unrealized Performance Summary,Data,Stocks,CPNG,0,0,0,0,0,0,1976.766454,0,0,0,1976.766454,1976.766454,
Realized & Unrealized Performance Summary,Data,Stocks,CRWD,0,68.134981,-174.17344,0,0,-106.038459,0,0,0,0,0,-106.038459,
Realized & Unrealized Performance Summary,Data,Stocks,CSX,0,245.606327,0,0,0,245.606327,0,0,0,0,0,245.606327,
Realized & Unrealized Performance Summary,Data,Stocks,CTVA,0,0,-481.4764,0,0,-481.4764,0,0,0,0,0,-481.4764,
Realized & Unrealized Performance Summary,Data,Stocks,CVNA,0,4785.991972,0,0,0,4785.991972,0,0,0,0,0,4785.991972,
Realized & Unrealized Performance Summary,Data,Stocks,DASH,0,0,-39.76142,0,0,-39.76142,0,0,0,0,0,-39.76142,
Realized & Unrealized Performance Summary,Data,Stocks,DHI,0,0,-406.28087,0,0,-406.28087,0,0,0,0,0,-406.28087,
Realized & Unrealized Performance Summary,Data,Stocks,DLR,0,0,-240.61171,0,0,-240.61171,0,0,0,0,0,-240.61171,
Realized & Unrealized Performance Summary,Data,Stocks,DLTR,0,3217.942809,0,0,0,3217.942809,0,0,0,0,0,3217.942809,
Realized & Unrealized Performance Summary,Data,Stocks,DOCS,0,0,0,0,0,0,0,-81.393734,0,0,-81.393734,-81.393734,
Realized & Unrealized Performance Summary,Data,Stocks,DOCU,0,0,-475.070525,0,0,-475.070525,0,0,0,0,0,-475.070525,
Realized & Unrealized Performance Summary,Data,Stocks,EMR,0,0,-473.59305,0,0,-473.59305,0,0,0,0,0,-473.59305,
Realized & Unrealized Performance Summary,Data,Stocks,ENTG,0,0,0,0,0,0,189.797982,0,0,0,189.797982,189.797982,
Realized & Unrealized Performance Summary,Data,Stocks,EQT,0,86.36209,0,0,0,86.36209,0,0,0,0,0,86.36209,
Realized & Unrealized Performance Summary,Data,Stocks,ES,0,83.168334,0,0,0,83.168334,0,0,0,0,0,83.168334,
Realized & Unrealized Performance Summary,Data,Stocks,EXAS,0,13.9785,-35.90458,0,0,-21.92608,0,0,0,0,0,-21.92608,
Realized & Unrealized Performance Summary,Data,Stocks,F,0,1094.370004,0,0,0,1094.370004,0,0,0,0,0,1094.370004,
Realized & Unrealized Performance Summary,Data,Stocks,FCX,0,222.764,0,0,0,222.764,0,0,0,0,0,222.764,
Realized & Unrealized Performance Summary,Data,Stocks,FIS,0,0,-1231.72453,0,0,-1231.72453,0,0,0,0,0,-1231.72453,
Realized & Unrealized Performance Summary,Data,Stocks,FLEX,0,0,0,0,0,0,1354.314066,0,0,0,1354.314066,1354.314066,
Realized & Unrealized Performance Summary,Data,Stocks,FTAI,0,0,0,0,0,0,1208.756502,0,0,0,1208.756502,1208.756502,
Realized & Unrealized Performance Summary,Data,Stocks,FTI,0,0,-622.37524,0,0,-622.37524,0,0,0,0,0,-622.37524,
Realized & Unrealized Performance Summary,Data,Stocks,FTV,0,0,-70.021,0,0,-70.021,0,0,0,0,0,-70.021,
Realized & Unrealized Performance Summary,Data,Stocks,GEHC,0,0,-830.62119,0,0,-830.62119,0,0,0,0,0,-830.62119,
Realized & Unrealized Performance Summary,Data,Stocks,GEV,0,5201.744871,0,0,0,5201.744871,0,0,0,0,0,5201.744871,
Realized & Unrealized Performance Summary,Data,Stocks,GILD,0,176.490634,0,0,0,176.490634,0,0,0,0,0,176.490634,
Realized & Unrealized Performance Summary,Data,Stocks,GIS,0,0,-52.14109,0,0,-52.14109,0,0,0,0,0,-52.14109,
Realized & Unrealized Performance Summary,Data,Stocks,GLW,0,0,0,0,0,0,1997.711728,0,0,0,1997.711728,1997.711728,
Realized & Unrealized Performance Summary,Data,Stocks,GME,0,0,0,0,0,0,1094.285052,0,0,0,1094.285052,1094.285052,
Realized & Unrealized Performance Summary,Data,Stocks,GOOGL,0,0,0,0,0,0,1987.99909,0,0,0,1987.99909,1987.99909,
Realized & Unrealized Performance Summary,Data,Stocks,GS,0,0,0,0,0,0,1091.69923,0,0,0,1091.69923,1091.69923,
Realized & Unrealized Performance Summary,Data,Stocks,HBAN,0,0,-301.71962,0,0,-301.71962,0,0,0,0,0,-301.71962,
Realized & Unrealized Performance Summary,Data,Stocks,HD,0,0,0,0,0,0,0,-123.851386,0,0,-123.851386,-123.851386,
Realized & Unrealized Performance Summary,Data,Stocks,HRL,0,0,-778.753896,0,0,-778.753896,0,0,0,0,0,-778.753896,
Realized & Unrealized Performance Summary,Data,Stocks,HST,0,0,0,0,0,0,815.354045,0,0,0,815.354045,815.354045,
Realized & Unrealized Performance Summary,Data,Stocks,HWM,0,3010.735505,-482.30195,0,0,2528.433555,0,0,0,0,0,2528.433555,
Realized & Unrealized Performance Summary,Data,Stocks,IBM,0,303.88837,0,0,0,303.88837,0,0,0,0,0,303.88837,
Realized & Unrealized Performance Summary,Data,Stocks,IOT,0,0,-2381.69356,0,0,-2381.69356,0,0,0,0,0,-2381.69356,
Realized & Unrealized Performance Summary,Data,Stocks,KEY,0,654.667337,0,0,0,654.667337,0,0,0,0,0,654.667337,
Realized & Unrealized Performance Summary,Data,Stocks,KMB,0,0,-453.527136,0,0,-453.527136,0,0,0,0,0,-453.527136,
Realized & Unrealized Performance Summary,Data,Stocks,KMI,0,184.19798,0,0,0,184.19798,0,0,0,0,0,184.19798,
Realized & Unrealized Performance Summary,Data,Stocks,LOW,0,0,-515.15037,0,0,-515.15037,0,0,0,0,0,-515.15037,
Realized & Unrealized Performance Summary,Data,Stocks,LRCX,0,0,0,0,0,0,447.539698,0,0,0,447.539698,447.539698,
Realized & Unrealized Performance Summary,Data,Stocks,LUV,0,0,-1801.38737,0,0,-1801.38737,0,0,0,0,0,-1801.38737,
Realized & Unrealized Performance Summary,Data,Stocks,LVS,0,1624.654578,0,0,0,1624.654578,0,0,0,0,0,1624.654578,
Realized & Unrealized Performance Summary,Data,Stocks,LYV,0,0,-72.68297,0,0,-72.68297,0,0,0,0,0,-72.68297,
Realized & Unrealized Performance Summary,Data,Stocks,MU,0,0,0,0,0,0,2962.817838,0,0,0,2962.817838,2962.817838,
Realized & Unrealized Performance Summary,Data,Stocks,NCLH,0,0,-1645.10008,0,0,-1645.10008,0,0,0,0,0,-1645.10008,
Realized & Unrealized Performance Summary,Data,Stocks,NDAQ,0,0,-520.44174,0,0,-520.44174,0,0,0,0,0,-520.44174,
Realized & Unrealized Performance Summary,Data,Stocks,NET,0,0,0,0,0,0,0,-596.322662,0,0,-596.322662,-596.322662,
Realized & Unrealized Performance Summary,Data,Stocks,NFLX,0,2012.398128,-400.58441,0,0,1611.813718,0,0,0,0,0,1611.813718,
Realized & Unrealized Performance Summary,Data,Stocks,NLY,0,0,-270.37473,0,0,-270.37473,0,0,0,0,0,-270.37473,
Realized & Unrealized Performance Summary,Data,Stocks,NRG,0,3413.281714,-1400.90056,0,0,2012.381154,0,0,0,0,0,2012.381154,
Realized & Unrealized Performance Summary,Data,Stocks,NTNX,0,969.88566,0,0,0,969.88566,0,0,0,0,0,969.88566,
Realized & Unrealized Performance Summary,Data,Stocks,O,0,0,0,0,0,0,0,-187.955318,0,0,-187.955318,-187.955318,
Realized & Unrealized Performance Summary,Data,Stocks,PCG,0,0,-1259.87695,0,0,-1259.87695,0,0,0,0,0,-1259.87695,
Realized & Unrealized Performance Summary,Data,Stocks,PINS,0,0,-164.58856,0,0,-164.58856,0,0,0,0,0,-164.58856,
Realized & Unrealized Performance Summary,Data,Stocks,PNC,0,772.274202,0,0,0,772.274202,0,0,0,0,0,772.274202,
Realized & Unrealized Performance Summary,Data,Stocks,PSX,0,330.00695,0,0,0,330.00695,0,0,0,0,0,330.00695,
Realized & Unrealized Performance Summary,Data,Stocks,PYPL,0,0,-258.654976,0,0,-258.654976,0,0,0,0,0,-258.654976,
Realized & Unrealized Performance Summary,Data,Stocks,RBLX,0,8801.210341,0,0,0,8801.210341,0,0,0,0,0,8801.210341,
Realized & Unrealized Performance Summary,Data,Stocks,RBRK,0,0,-3880.82817,0,0,-3880.82817,0,0,0,0,0,-3880.82817,
Realized & Unrealized Performance Summary,Data,Stocks,RCL,0,0,-1.26575,0,0,-1.26575,0,0,0,0,0,-1.26575,
Realized & Unrealized Performance Summary,Data,Stocks,RF,0,0,-224.95793,0,0,-224.95793,0,0,0,0,0,-224.95793,
Realized & Unrealized Performance Summary,Data,Stocks,RKLB,0,0,-5223.180615,0,0,-5223.180615,0,0,0,0,0,-5223.180615,
Realized & Unrealized Performance Summary,Data,Stocks,RKT,0,0,0,0,0,0,911.538916,0,0,0,911.538916,911.538916,
Realized & Unrealized Performance Summary,Data,Stocks,RTX,0,0,-563.79486,0,0,-563.79486,0,0,0,0,0,-563.79486,
Realized & Unrealized Performance Summary,Data,Stocks,SNAP,0,1267.0494,0,0,0,1267.0494,0,0,0,0,0,1267.0494,
Realized & Unrealized Performance Summary,Data,Stocks,STX,0,0,0,0,0,0,7623.956458,0,0,0,7623.956458,7623.956458,
Realized & Unrealized Performance Summary,Data,Stocks,SYF,0,0,-240.115395,0,0,-240.115395,0,0,0,0,0,-240.115395,
Realized & Unrealized Performance Summary,Data,Stocks,TEAM,0,0,-871.57066,0,0,-871.57066,0,0,0,0,0,-871.57066,
Realized & Unrealized Performance Summary,Data,Stocks,TFC,0,0,-257.68054,0,0,-257.68054,0,0,0,0,0,-257.68054,
Realized & Unrealized Performance Summary,Data,Stocks,TPR,0,0,-99.23481,0,0,-99.23481,0,0,0,0,0,-99.23481,
Realized & Unrealized Performance Summary,Data,Stocks,TSLA,0,3801.78404,0,0,0,3801.78404,0,0,0,0,0,3801.78404,
Realized & Unrealized Performance Summary,Data,Stocks,TXN,0,15.034528,0,0,0,15.034528,0,0,0,0,0,15.034528,
Realized & Unrealized Performance Summary,Data,Stocks,UBER,0,2049.974078,0,0,0,2049.974078,0,-1928.801402,0,0,-1928.801402,121.172676,
Realized & Unrealized Performance Summary,Data,Stocks,UNH,0,0,-490.69634,0,0,-490.69634,0,0,0,0,0,-490.69634,
Realized & Unrealized Performance Summary,Data,Stocks,USB,0,405.615708,0,0,0,405.615708,0,0,0,0,0,405.615708,
Realized & Unrealized Performance Summary,Data,Stocks,VLO,0,1974.48199,0,0,0,1974.48199,0,0,0,0,0,1974.48199,
Realized & Unrealized Performance Summary,Data,Stocks,VST,0,0,-896.026375,0,0,-896.026375,0,-713.622948,0,0,-713.622948,-1609.649323,
Realized & Unrealized Performance Summary,Data,Stocks,VTR,0,0,-572.8798,0,0,-572.8798,0,0,0,0,0,-572.8798,
Realized & Unrealized Performance Summary,Data,Stocks,WBD,0,11697.57579,0,0,0,11697.57579,0,0,0,0,0,11697.57579,
Realized & Unrealized Performance Summary,Data,Stocks,WDC,0,0,0,0,0,0,2376.008598,0,0,0,2376.008598,2376.008598,
Realized & Unrealized Performance Summary,Data,Stocks,WFC,0,67.13154,0,0,0,67.13154,0,0,0,0,0,67.13154,
Realized & Unrealized Performance Summary,Data,Stocks,WMB,0,0,-286.81408,0,0,-286.81408,0,0,0,0,0,-286.81408,
Realized & Unrealized Performance Summary,Data,Stocks,Z,0,0,-1177.11195,0,0,-1177.11195,0,0,0,0,0,-1177.11195,
Realized & Unrealized Performance Summary,Data,Stocks,ZTS,0,0,-329.516021,0,0,-329.516021,0,0,0,0,0,-329.516021,
Realized & Unrealized Performance Summary,Data,Total,,0,70766.62618438,-46055.41692138,0,0,24711.209263,47103.36124,-3846.550882,0,0,43256.810358,67968.019621,
Realized & Unrealized Performance Summary,Data,Total (All Assets),,0,70766.62618438,-46055.41692138,0,0,24711.209263,47103.36124,-3846.550882,0,0,43256.810358,67968.019621,
Cash Report,Header,Currency Summary,Currency,Total,Securities,Futures,Paxos,
Cash Report,Data,Starting Cash,Base Currency Summary,-558167.425910864,-558167.425910864,0,0,
Cash Report,Data,Commissions,Base Currency Summary,-368.487195,-368.487195,0,0,
Cash Report,Data,Broker Interest Paid and Received,Base Currency Summary,-577.21,-577.21,0,0,
Cash Report,Data,Trades (Sales),Base Currency Summary,1984024.780000001,1984024.780000001,0,0,
Cash Report,Data,Trades (Purchase),Base Currency Summary,-1805504.48,-1805504.48,0,0,
Cash Report,Data,Payment In Lieu of Dividends,Base Currency Summary,1146.6,1146.6,0,0,
Cash Report,Data,Ending Cash,Base Currency Summary,-379446.223105864,-379446.223105864,0,0,
Cash Report,Data,Ending Settled Cash,Base Currency Summary,-833436.013105864,-833436.013105864,0,0,
Open Positions,Header,DataDiscriminator,Asset Category,Currency,Symbol,Quantity,Mult,Cost Price,Cost Basis,Close Price,Value,Unrealized P/L,Code
Open Positions,Data,Summary,Stocks,USD,ALAB,122,1,214.118218721,26122.422684,249.38,30424.36,4301.937316,
Open Positions,Data,Summary,Stocks,USD,ALLY,134,1,34.477497687,4619.98469,43.95,5889.3,1269.31531,
Open Positions,Data,Summary,Stocks,USD,APH,117,1,74.911658932,8764.664095,118.41,13853.97,5089.305905,
Open Positions,Data,Summary,Stocks,USD,APP,25,1,354.540046,8863.50115,606.66,15166.5,6302.99885,
Open Positions,Data,Summary,Stocks,USD,AVGO,80,1,344.382522,27550.60176,346.17,27693.6,142.99824,
Open Positions,Data,Summary,Stocks,USD,BX,156,1,184.995663026,28859.323432,183.62,28644.72,-214.603432,
Open Positions,Data,Summary,Stocks,USD,CIEN,229,1,119.095022,27272.760038,136.38,31231.02,3958.259962,
Open Positions,Data,Summary,Stocks,USD,CPNG,843,1,31.185081312,26289.023546,33.53,28265.79,1976.766454,
Open Positions,Data,Summary,Stocks,USD,DOCS,397,1,72.875022,28931.383734,72.67,28849.99,-81.393734,
Open Positions,Data,Summary,Stocks,USD,ENTG,319,1,91.505022,29190.102018,92.1,29379.9,189.797982,
Open Positions,Data,Summary,Stocks,USD,FLEX,497,1,53.735022,26706.305934,56.46,28060.62,1354.314066,
Open Positions,Data,Summary,Stocks,USD,FTAI,159,1,166.437757849,26463.603498,174.04,27672.36,1208.756502,
Open Positions,Data,Summary,Stocks,USD,GLW,376,1,71.566936894,26909.168272,76.88,28906.88,1997.711728,
Open Positions,Data,Summary,Stocks,USD,GME,1134,1,25.135022,28503.114948,26.1,29597.4,1094.285052,
Open Positions,Data,Summary,Stocks,USD,GOOGL,26,1,173.068496538,4499.78091,249.53,6487.78,1987.99909,
Open Positions,Data,Summary,Stocks,USD,GS,35,1,763.028593429,26706.00077,794.22,27797.7,1091.69923,
Open Positions,Data,Summary,Stocks,USD,HD,63,1,418.965895016,26394.851386,417,26271,-123.851386,
Open Positions,Data,Summary,Stocks,USD,HST,313,1,14.915035,4668.405955,17.52,5483.76,815.354045,
Open Positions,Data,Summary,Stocks,USD,LRCX,241,1,120.042988805,28930.360302,121.9,29377.9,447.539698,
Open Positions,Data,Summary,Stocks,USD,MU,47,1,96.951322596,4556.712162,159.99,7519.53,2962.817838,
Open Positions,Data,Summary,Stocks,USD,NET,121,1,218.808286463,26475.802662,213.88,25879.48,-596.322662,
Open Positions,Data,Summary,Stocks,USD,O,469,1,60.110757608,28191.945318,59.71,28003.99,-187.955318,
Open Positions,Data,Summary,Stocks,USD,RKT,1322,1,20.470484935,27061.981084,21.16,27973.52,911.538916,
Open Positions,Data,Summary,Stocks,USD,STX,161,1,166.00623318,26727.003542,213.36,34350.96,7623.956458,
Open Positions,Data,Summary,Stocks,USD,UBER,291,1,99.578183512,28977.251402,92.95,27048.45,-1928.801402,
Open Positions,Data,Summary,Stocks,USD,VST,134,1,213.635544388,28627.162948,208.31,27913.54,-713.622948,
Open Positions,Data,Summary,Stocks,USD,WDC,291,1,92.775022,26997.531402,100.94,29373.54,2376.008598,
Open Positions,Total,,Stocks,USD,,,,,613860.749642,,657117.56,43256.810358,
Trades,Header,DataDiscriminator,Asset Category,Currency,Account,Symbol,Date/Time,Quantity,T. Price,C. Price,Proceeds,Comm/Fee,Basis,Realized P/L,MTM P/L,Code
Trades,Data,Order,Stocks,USD,DU7647040,AAPL,"2025-09-08, 09:30:06",111,239.595495495,237.88,-26595.1,-1.002997,26596.102997,0,-190.42,O;P
Trades,Data,Order,Stocks,USD,DU7647040,AAPL,"2025-09-10, 09:30:04",-111,231.585495495,226.79,25705.99,-1.021368,-26596.102997,-891.134365,532.3,C;P
Trades,SubTotal,,Stocks,USD,AAPL,,,0,,,-889.11,-2.024365,0,-891.134365,341.88,
Trades,Data,Order,Stocks,USD,DU7647040,ABBV,"2025-09-12, 09:30:07",128,219.8059375,218.34,-28135.16,-1.002816,28136.162816,0,-187.64,O;P
Trades,Data,Order,Stocks,USD,DU7647040,ABBV,"2025-09-17, 09:30:05",-128,218.5,220.81,27968,-1.024064,-28136.162816,-169.18688,-295.68,C
Trades,SubTotal,,Stocks,USD,ABBV,,,0,,,-167.16,-2.02688,0,-169.18688,-483.32,
Trades,Data,Order,Stocks,USD,DU7647040,ADI,"2025-09-05, 09:30:09",-145,246.11,247.07,35685.95,-1.02726,-35553.413723,131.509017,-139.2,C
Trades,SubTotal,,Stocks,USD,ADI,,,-145,,,35685.95,-1.02726,-35553.413723,131.509017,-139.2,
Trades,Data,Order,Stocks,USD,DU7647040,ALAB,"2025-09-09, 09:30:06",122,214.11,214.49,-26121.42,-1.002684,26122.422684,0,46.36,O;P
Trades,SubTotal,,Stocks,USD,ALAB,,,122,,,-26121.42,-1.002684,26122.422684,0,46.36,
Trades,Data,Order,Stocks,USD,DU7647040,AMAT,"2025-09-05, 09:30:00",-53,160.25,162.75,8493.25,-1.009964,-9202.331855,-710.091819,-132.5,C
Trades,Data,Order,Stocks,USD,DU7647040,AMAT,"2025-09-16, 09:30:09",168,172.73,173.54,-29018.64,-1.003696,29019.643696,0,136.08,O;P
Trades,Data,Order,Stocks,USD,DU7647040,AMAT,"2025-09-17, 09:30:08",-168,174.39,178.13,29297.52,-1.031584,-29019.643696,276.84472,-628.32,C;P
Trades,SubTotal,,Stocks,USD,AMAT,,,-53,,,8772.13,-3.045244,-9202.331855,-433.247099,-624.74,
Trades,Data,Order,Stocks,USD,DU7647040,AMZN,"2025-09-11, 09:30:05",-23,230.82,229.95,5308.86,-1.004439,-4667.470805,640.384756,20.01,C
Trades,SubTotal,,Stocks,USD,AMZN,,,-23,,,5308.86,-1.004439,-4667.470805,640.384756,20.01,
Trades,Data,Order,Stocks,USD,DU7647040,ANET,"2025-09-15, 09:30:09",-96,140.01,145.43,13440.96,-1.018048,-9228.52336,4211.418592,-520.32,C
Trades,SubTotal,,Stocks,USD,ANET,,,-96,,,13440.96,-1.018048,-9228.52336,4211.418592,-520.32,
Trades,Data,Order,Stocks,USD,DU7647040,AVGO,"2025-09-08, 09:30:52",80,344.37,345.65,-27549.6,-1.00176,27550.60176,0,102.4,O
Trades,SubTotal,,Stocks,USD,AVGO,,,80,,,-27549.6,-1.00176,27550.60176,0,102.4,
Trades,Data,Order,Stocks,USD,DU7647040,AXP,"2025-09-09, 09:30:05",-83,322.84,324.34,26795.72,-1.015604,-26560.171826,234.53257,-124.5,C
Trades,SubTotal,,Stocks,USD,AXP,,,-83,,,26795.72,-1.015604,-26560.171826,234.53257,-124.5,
Trades,Data,Order,Stocks,USD,DU7647040,BK,"2025-09-08, 09:30:10",-254,103.69,104.02,26337.26,-1.317752,-26610.315588,-274.37334,-83.82,C;P
Trades,SubTotal,,Stocks,USD,BK,,,-254,,,26337.26,-1.317752,-26610.315588,-274.37334,-83.82,
Trades,Data,Order,Stocks,USD,DU7647040,BX,"2025-09-16, 09:30:18",156,184.989230769,183.72,-28858.32,-1.003432,28859.323432,0,-198,O;P
Trades,SubTotal,,Stocks,USD,BX,,,156,,,-28858.32,-1.003432,28859.323432,0,-198,
Trades,Data,Order,Stocks,USD,DU7647040,CARR,"2025-09-05, 09:30:02",-125,64.01,65.51,8001.25,-1.0235,-8849.75465,-849.52815,-187.5,C;P
Trades,SubTotal,,Stocks,USD,CARR,,,-125,,,8001.25,-1.0235,-8849.75465,-849.52815,-187.5,
Trades,Data,Order,Stocks,USD,DU7647040,CART,"2025-09-11, 09:30:02",560,46.34,45.93,-25950.4,-2.81232,25953.21232,0,-229.6,O
Trades,Data,Order,Stocks,USD,DU7647040,CART,"2025-09-12, 09:30:00",-560,45.58,46.36,25524.8,-2.90528,-25953.21232,-431.3176,-436.8,C;P
Trades,SubTotal,,Stocks,USD,CART,,,0,,,-425.6,-5.7176,0,-431.3176,-666.4,
Trades,Data,Order,Stocks,USD,DU7647040,CAT,"2025-09-05, 09:30:08",-13,421.81,423.08,5483.53,-1.002444,-4547.100455,935.427101,-16.51,C
Trades,SubTotal,,Stocks,USD,CAT,,,-13,,,5483.53,-1.002444,-4547.100455,935.427101,-16.51,
Trades,Data,Order,Stocks,USD,DU7647040,CCL,"2025-09-08, 09:30:51",-201,31.84,31.56,6399.84,-1.042788,-4619.992035,1778.805177,56.28,C;P
Trades,SubTotal,,Stocks,USD,CCL,,,-201,,,6399.84,-1.042788,-4619.992035,1778.805177,56.28,
Trades,Data,Order,Stocks,USD,DU7647040,CEG,"2025-09-16, 09:30:07",87,332.95,322.91,-28966.65,-1.001914,28967.651914,0,-873.48,O
Trades,Data,Order,Stocks,USD,DU7647040,CEG,"2025-09-17, 09:30:12",-87,322.53,321.275,28060.11,-1.016356,-28967.651914,-908.55827,109.185,C
Trades,SubTotal,,Stocks,USD,CEG,,,0,,,-906.54,-2.01827,0,-908.55827,-764.295,
Trades,Data,Order,Stocks,USD,DU7647040,CFG,"2025-09-16, 09:30:03",-518,51.242471042,51.13,26543.6,-2.687384,-26493.121396,47.79122,58.26,C;P
Trades,SubTotal,,Stocks,USD,CFG,,,-518,,,26543.6,-2.687384,-26493.121396,47.79122,58.26,
Trades,Data,Order,Stocks,USD,DU7647040,CIEN,"2025-09-08, 09:30:16",229,119.09,119,-27271.61,-1.150038,27272.760038,0,-20.61,O
Trades,SubTotal,,Stocks,USD,CIEN,,,229,,,-27271.61,-1.150038,27272.760038,0,-20.61,
Trades,Data,Order,Stocks,USD,DU7647040,CL,"2025-09-05, 09:30:04",-49,83.39,85.13,4086.11,-1.009212,-4535.461715,-450.360927,-85.26,C
Trades,SubTotal,,Stocks,USD,CL,,,-49,,,4086.11,-1.009212,-4535.461715,-450.360927,-85.26,
Trades,Data,Order,Stocks,USD,DU7647040,CNC,"2025-09-10, 09:31:44",861,31.009094077,31.27,-26698.83,-4.323942,26703.153942,0,224.64,O;P
Trades,Data,Order,Stocks,USD,DU7647040,CNC,"2025-09-16, 09:31:37",-861,32.787932636,31.8,28230.41,-4.466868,-26703.153942,1522.78919,850.61,C;P
Trades,SubTotal,,Stocks,USD,CNC,,,0,,,1531.58,-8.79081,-0,1522.78919,1075.25,
Trades,Data,Order,Stocks,USD,DU7647040,CNM,"2025-09-08, 09:30:56",400,67.15,66.59,-26860,-2.0088,26862.0088,0,-224,O;P
Trades,Data,Order,Stocks,USD,DU7647040,CNM,"2025-09-10, 09:30:04",-400,49.6825,48.56,19873,-2.0752,-26862.0088,-6991.084,449,C;P
Trades,SubTotal,,Stocks,USD,CNM,,,0,,,-6987,-4.084,0,-6991.084,225,
Trades,Data,Order,Stocks,USD,DU7647040,COF,"2025-09-08, 09:30:07",-47,222,220.1,10434,-1.008836,-8933.351645,1499.639519,89.3,C
Trades,SubTotal,,Stocks,USD,COF,,,-47,,,10434,-1.008836,-8933.351645,1499.639519,89.3,
Trades,Data,Order,Stocks,USD,DU7647040,COHR,"2025-09-12, 09:30:08",272,102.1,102.99,-27771.2,-1.365984,27772.565984,0,242.08,O;P
Trades,Data,Order,Stocks,USD,DU7647040,COHR,"2025-09-15, 09:30:09",-272,102.91,106.34,27991.52,-1.411136,-27772.565984,217.54288,-932.96,C;P
Trades,SubTotal,,Stocks,USD,COHR,,,0,,,220.32,-2.77712,0,217.54288,-690.88,
Trades,Data,Order,Stocks,USD,DU7647040,CPB,"2025-09-08, 09:30:42",787,33.728729352,33.9,-26544.51,-3.952314,26548.462314,0,134.79,O;P
Trades,Data,Order,Stocks,USD,DU7647040,CPB,"2025-09-16, 09:30:01",-787,32.843036849,33.56,25847.47,-4.082956,-26548.462314,-705.075271,-564.25,C;P
Trades,SubTotal,,Stocks,USD,CPB,,,0,,,-697.04,-8.03527,0,-705.075271,-429.46,
Trades,Data,Order,Stocks,USD,DU7647040,CPNG,"2025-09-09, 09:30:21",843,31.180059312,32.33,-26284.79,-4.233546,26289.023546,0,969.4,O;P
Trades,SubTotal,,Stocks,USD,CPNG,,,843,,,-26284.79,-4.233546,26289.023546,0,969.4,
Trades,Data,Order,Stocks,USD,DU7647040,CRWD,"2025-09-05, 09:30:10",-21,414.84,417.63,8711.64,-1.004053,-8642.500966,68.134981,-58.59,C
Trades,Data,Order,Stocks,USD,DU7647040,CRWD,"2025-09-16, 09:30:03",64,446.09,444.98,-28549.76,-1.001408,28550.761408,0,-71.04,O
Trades,Data,Order,Stocks,USD,DU7647040,CRWD,"2025-09-17, 09:30:17",-64,443.4,445.5,28377.6,-1.012032,-28550.761408,-174.17344,-134.4,C
Trades,SubTotal,,Stocks,USD,CRWD,,,-21,,,8539.48,-3.017493,-8642.500966,-106.038459,-264.03,
Trades,Data,Order,Stocks,USD,DU7647040,CSX,"2025-09-05, 09:30:02",-151,32.55,32.53,4915.05,-1.028388,-4668.415285,245.606327,3.02,C;P
Trades,SubTotal,,Stocks,USD,CSX,,,-151,,,4915.05,-1.028388,-4668.415285,245.606327,3.02,
Trades,Data,Order,Stocks,USD,DU7647040,CTVA,"2025-09-05, 09:30:19",-360,72.332777778,72.3,26039.8,-1.86848,-26519.40792,-481.4764,11.8,C;P
Trades,SubTotal,,Stocks,USD,CTVA,,,-360,,,26039.8,-1.86848,-26519.40792,-481.4764,11.8,
Trades,Data,Order,Stocks,USD,DU7647040,CVNA,"2025-09-05, 09:30:06",-36,373,368.88,13428,-1.006768,-8641.00126,4785.991972,148.32,C
Trades,SubTotal,,Stocks,USD,CVNA,,,-36,,,13428,-1.006768,-8641.00126,4785.991972,148.32,
Trades,Data,Order,Stocks,USD,DU7647040,DASH,"2025-09-11, 09:30:08",102,259.55,260.19,-26474.1,-1.002244,26475.102244,0,65.28,O
Trades,Data,Order,Stocks,USD,DU7647040,DASH,"2025-09-12, 09:30:09",-102,259.18,257.98,26436.36,-1.019176,-26475.102244,-39.76142,122.4,C;P
Trades,SubTotal,,Stocks,USD,DASH,,,0,,,-37.74,-2.02142,-0,-39.76142,187.68,
Trades,Data,Order,Stocks,USD,DU7647040,DHI,"2025-09-08, 09:30:04",147,180.85,184.04,-26584.95,-1.003234,26585.953234,0,468.93,O;P
Trades,Data,Order,Stocks,USD,DU7647040,DHI,"2025-09-10, 09:30:02",-147,178.1,176.13,26180.7,-1.027636,-26585.953234,-406.28087,289.59,C;P
Trades,SubTotal,,Stocks,USD,DHI,,,0,,,-404.25,-2.03087,0,-406.28087,758.52,
Trades,Data,Order,Stocks,USD,DU7647040,DLR,"2025-09-11, 09:30:51",151,174.99,174.67,-26423.49,-1.003322,26424.493322,0,-48.32,O;P
Trades,Data,Order,Stocks,USD,DU7647040,DLR,"2025-09-12, 09:30:17",-151,173.41,173.5,26184.91,-1.028388,-26424.493322,-240.61171,-13.59,C;P
Trades,SubTotal,,Stocks,USD,DLR,,,0,,,-238.58,-2.03171,0,-240.61171,-61.91,
Trades,Data,Order,Stocks,USD,DU7647040,DLTR,"2025-09-05, 09:30:00",-117,100.201111111,101.12,11723.53,-1.021996,-8504.565195,3217.942809,-107.51,C;P
Trades,SubTotal,,Stocks,USD,DLTR,,,-117,,,11723.53,-1.021996,-8504.565195,3217.942809,-107.51,
Trades,Data,Order,Stocks,USD,DU7647040,DOCS,"2025-09-16, 09:30:05",397,72.87,72.08,-28929.39,-1.993734,28931.383734,0,-313.63,O;P
Trades,SubTotal,,Stocks,USD,DOCS,,,397,,,-28929.39,-1.993734,28931.383734,0,-313.63,
Trades,Data,Order,Stocks,USD,DU7647040,DOCU,"2025-09-08, 09:30:00",335,80.456119403,81.73,-26952.8,-1.682545,26954.482545,0,426.75,O;P
Trades,Data,Order,Stocks,USD,DU7647040,DOCU,"2025-09-11, 09:30:10",-335,79.048208955,80.24,26481.15,-1.73798,-26954.482545,-475.070525,-399.25,C;P
Trades,SubTotal,,Stocks,USD,DOCU,,,0,,,-471.65,-3.420525,0,-475.070525,27.5,
Trades,Data,Order,Stocks,USD,DU7647040,EMR,"2025-09-12, 09:30:03",205,137.75,135.1,-28238.75,-1.02951,28239.77951,0,-543.25,O;P
Trades,Data,Order,Stocks,USD,DU7647040,EMR,"2025-09-15, 09:30:02",-205,135.45,135.66,27767.25,-1.06354,-28239.77951,-473.59305,-43.05,C
Trades,SubTotal,,Stocks,USD,EMR,,,0,,,-471.5,-2.09305,0,-473.59305,-586.3,
Trades,Data,Order,Stocks,USD,DU7647040,ENTG,"2025-09-16, 09:30:05",319,91.5,92.61,-29188.5,-1.602018,29190.102018,0,354.09,O;P
Trades,SubTotal,,Stocks,USD,ENTG,,,319,,,-29188.5,-1.602018,29190.102018,0,354.09,
Trades,Data,Order,Stocks,USD,DU7647040,EQT,"2025-09-05, 09:30:09",-170,51.23,51.6,8709.1,-1.03196,-8621.70595,86.36209,-62.9,C
Trades,SubTotal,,Stocks,USD,EQT,,,-170,,,8709.1,-1.03196,-8621.70595,86.36209,-62.9,
Trades,Data,Order,Stocks,USD,DU7647040,ES,"2025-09-05, 09:30:06",-142,63.4,63.53,9002.8,-1.026696,-8918.60497,83.168334,-18.46,C
Trades,SubTotal,,Stocks,USD,ES,,,-142,,,9002.8,-1.026696,-8918.60497,83.168334,-18.46,
Trades,Data,Order,Stocks,USD,DU7647040,EXAS,"2025-09-08, 09:30:02",498,53.863815261,53.89,-26824.18,-2.502456,26826.682456,0,13.04,O;P
Trades,Data,Order,Stocks,USD,DU7647040,EXAS,"2025-09-15, 09:30:09",-498,53.83,53.43,26807.34,-2.583624,-26826.682456,-21.92608,199.2,C
Trades,SubTotal,,Stocks,USD,EXAS,,,0,,,-16.84,-5.08608,0,-21.92608,212.24,
Trades,Data,Order,Stocks,USD,DU7647040,F,"2025-09-10, 09:30:58",-852,11.454694836,11.42,9759.4,-4.420176,-8660.60982,1094.370004,29.56,C;P
Trades,SubTotal,,Stocks,USD,F,,,-852,,,9759.4,-4.420176,-8660.60982,1094.370004,29.56,
Trades,Data,Order,Stocks,USD,DU7647040,FCX,"2025-09-10, 09:31:25",-600,44.358333333,44.88,26615,-3.1128,-26389.1232,222.764,-313,C;P
Trades,SubTotal,,Stocks,USD,FCX,,,-600,,,26615,-3.1128,-26389.1232,222.764,-313,
Trades,Data,Order,Stocks,USD,DU7647040,FIS,"2025-09-05, 09:30:05",-110,68.510909091,68.74,7536.2,-1.02068,-8766.90385,-1231.72453,-25.2,C;P
Trades,SubTotal,,Stocks,USD,FIS,,,-110,,,7536.2,-1.02068,-8766.90385,-1231.72453,-25.2,
Trades,Data,Order,Stocks,USD,DU7647040,FTAI,"2025-09-09, 09:30:02",159,166.431446541,165.39,-26462.6,-1.003498,26463.603498,0,-165.59,O;P
Trades,SubTotal,,Stocks,USD,FTAI,,,159,,,-26462.6,-1.003498,26463.603498,0,-165.59,
Trades,Data,Order,Stocks,USD,DU7647040,FTI,"2025-09-11, 09:30:01",644,40.70621118,40.3,-26214.8,-3.234168,26218.034168,0,-261.6,O;P
Trades,Data,Order,Stocks,USD,DU7647040,FTI,"2025-09-15, 09:30:02",-644,39.75,39.02,25599,-3.341072,-26218.034168,-622.37524,470.12,C;P
Trades,SubTotal,,Stocks,USD,FTI,,,0,,,-615.8,-6.57524,0,-622.37524,208.52,
Trades,Data,Order,Stocks,USD,DU7647040,FTV,"2025-09-12, 09:30:07",100,49.49,48.83,-4949,-1.0022,4950.0022,0,-66,O
Trades,Data,Order,Stocks,USD,DU7647040,FTV,"2025-09-15, 09:30:25",-100,48.81,48.56,4881,-1.0188,-4950.0022,-70.021,25,C
Trades,SubTotal,,Stocks,USD,FTV,,,0,,,-68,-2.021,0,-70.021,-41,
Trades,Data,Order,Stocks,USD,DU7647040,GEHC,"2025-09-09, 09:30:00",339,78.16,78.71,-26496.24,-1.702458,26497.942458,0,186.45,O;P
Trades,Data,Order,Stocks,USD,DU7647040,GEHC,"2025-09-11, 09:30:00",-339,75.72,77.96,25669.08,-1.758732,-26497.942458,-830.62119,-759.36,C
Trades,SubTotal,,Stocks,USD,GEHC,,,0,,,-827.16,-3.46119,0,-830.62119,-572.91,
Trades,Data,Order,Stocks,USD,DU7647040,GEV,"2025-09-05, 09:30:02",-23,600,582.08,13800,-1.004324,-8597.250805,5201.744871,412.16,C
Trades,SubTotal,,Stocks,USD,GEV,,,-23,,,13800,-1.004324,-8597.250805,5201.744871,412.16,
Trades,Data,Order,Stocks,USD,DU7647040,GILD,"2025-09-05, 09:30:06",-42,112.58,115.05,4728.36,-1.007896,-4550.86147,176.490634,-103.74,C
Trades,SubTotal,,Stocks,USD,GILD,,,-42,,,4728.36,-1.007896,-4550.86147,176.490634,-103.74,
Trades,Data,Order,Stocks,USD,DU7647040,GIS,"2025-09-08, 09:30:42",529,50.24,50.12,-26576.96,-2.656638,26579.616638,0,-63.48,O;P
Trades,Data,Order,Stocks,USD,DU7647040,GIS,"2025-09-09, 09:30:07",-529,50.151644612,50.35,26530.22,-2.744452,-26579.616638,-52.14109,-104.93,C;P
Trades,SubTotal,,Stocks,USD,GIS,,,0,,,-46.74,-5.40109,0,-52.14109,-168.41,
Trades,Data,Order,Stocks,USD,DU7647040,GLW,"2025-09-08, 09:30:06",376,71.561914894,72.15,-26907.28,-1.888272,26909.168272,0,221.12,O;P
Trades,SubTotal,,Stocks,USD,GLW,,,376,,,-26907.28,-1.888272,26909.168272,0,221.12,
Trades,Data,Order,Stocks,USD,DU7647040,GME,"2025-09-10, 09:30:03","1,134",25.13,24.37,-28497.42,-5.694948,28503.114948,0,-861.84,O;P
Trades,SubTotal,,Stocks,USD,GME,,,1134,,,-28497.42,-5.694948,28503.114948,0,-861.84,
Trades,Data,Order,Stocks,USD,DU7647040,GS,"2025-09-10, 09:30:10",35,763,769.58,-26705,-1.00077,26706.00077,0,230.3,O
Trades,SubTotal,,Stocks,USD,GS,,,35,,,-26705,-1.00077,26706.00077,0,230.3,
Trades,Data,Order,Stocks,USD,DU7647040,HBAN,"2025-09-17, 09:30:00","-1,522",17.296057819,17.54,26324.6,-7.896136,-26618.423484,-301.71962,-371.28,C;P
Trades,SubTotal,,Stocks,USD,HBAN,,,-1522,,,26324.6,-7.896136,-26618.423484,-301.71962,-371.28,
Trades,Data,Order,Stocks,USD,DU7647040,HD,"2025-09-08, 09:30:56",63,418.95,419.94,-26393.85,-1.001386,26394.851386,0,62.37,O
Trades,SubTotal,,Stocks,USD,HD,,,63,,,-26393.85,-1.001386,26394.851386,0,62.37,
Trades,Data,Order,Stocks,USD,DU7647040,HRL,"2025-09-05, 09:30:02",-152,25.25,25.66,3838,-1.028576,-4615.72532,-778.753896,-62.32,C;P
Trades,SubTotal,,Stocks,USD,HRL,,,-152,,,3838,-1.028576,-4615.72532,-778.753896,-62.32,
Trades,Data,Order,Stocks,USD,DU7647040,HWM,"2025-09-05, 09:30:05",-65,180,178.2,11700,-1.01222,-8688.252275,3010.735505,117,C
Trades,Data,Order,Stocks,USD,DU7647040,HWM,"2025-09-11, 09:30:08",143,184.9,184.21,-26440.7,-1.003146,26441.703146,0,-98.67,O
Trades,Data,Order,Stocks,USD,DU7647040,HWM,"2025-09-12, 09:30:09",-143,184.5,185.77,26383.5,-1.026884,-26441.703146,-59.23003,-181.61,C
Trades,Data,Order,Stocks,USD,DU7647040,HWM,"2025-09-16, 09:30:10",152,190.3,187.46,-28925.6,-1.003344,28926.603344,0,-431.68,O;P
Trades,Data,Order,Stocks,USD,DU7647040,HWM,"2025-09-17, 09:30:10",-152,187.53,185.39,28504.56,-1.028576,-28926.603344,-423.07192,325.28,C
Trades,SubTotal,,Stocks,USD,HWM,,,-65,,,11221.76,-5.07417,-8688.252275,2528.433555,-269.68,
Trades,Data,Order,Stocks,USD,DU7647040,IBM,"2025-09-09, 09:30:07",103,256.28,259.11,-26396.84,-1.002266,26397.842266,0,291.49,O;P
Trades,Data,Order,Stocks,USD,DU7647040,IBM,"2025-09-10, 09:30:04",-103,259.25,256.88,26702.75,-1.019364,-26397.842266,303.88837,244.11,C
Trades,SubTotal,,Stocks,USD,IBM,,,0,,,305.91,-2.02163,0,303.88837,535.6,
Trades,Data,Order,Stocks,USD,DU7647040,IOT,"2025-09-08, 09:30:02",636,42.34245283,41.53,-26929.8,-3.193992,26932.993992,0,-516.72,O;P
Trades,Data,Order,Stocks,USD,DU7647040,IOT,"2025-09-10, 09:30:06",-636,38.607861635,38.75,24554.6,-3.299568,-26932.993992,-2381.69356,-90.4,C;P
Trades,SubTotal,,Stocks,USD,IOT,,,0,,,-2375.2,-6.49356,-0,-2381.69356,-607.12,
Trades,Data,Order,Stocks,USD,DU7647040,KEY,"2025-09-16, 09:30:08",-281,18.84,18.63,5294.04,-1.457828,-4637.914835,654.667337,59.01,C
Trades,SubTotal,,Stocks,USD,KEY,,,-281,,,5294.04,-1.457828,-4637.914835,654.667337,59.01,
Trades,Data,Order,Stocks,USD,DU7647040,KMB,"2025-09-05, 09:30:04",-32,128.01,129.89,4096.32,-1.006016,-4548.84112,-453.527136,-60.16,C
Trades,SubTotal,,Stocks,USD,KMB,,,-32,,,4096.32,-1.006016,-4548.84112,-453.527136,-60.16,
Trades,Data,Order,Stocks,USD,DU7647040,KMI,"2025-09-11, 09:30:39",962,27.288316008,27.57,-26251.36,-4.831164,26256.191164,0,270.98,O;P
Trades,Data,Order,Stocks,USD,DU7647040,KMI,"2025-09-12, 09:30:18",-962,27.49,27.58,26445.38,-4.990856,-26256.191164,184.19798,-86.58,C;P
Trades,SubTotal,,Stocks,USD,KMI,,,0,,,194.02,-9.82202,0,184.19798,184.4,
Trades,Data,Order,Stocks,USD,DU7647040,LOW,"2025-09-09, 09:30:07",97,272.79,269.03,-26460.63,-1.002134,26461.632134,0,-364.72,O
Trades,Data,Order,Stocks,USD,DU7647040,LOW,"2025-09-11, 09:30:05",-97,267.5,272.4,25947.5,-1.018236,-26461.632134,-515.15037,-475.3,C
Trades,SubTotal,,Stocks,USD,LOW,,,0,,,-513.13,-2.02037,0,-515.15037,-840.02,
Trades,Data,Order,Stocks,USD,DU7647040,LRCX,"2025-09-16, 09:30:01",241,120.037966805,120.47,-28929.15,-1.210302,28930.360302,0,104.12,O;P
Trades,SubTotal,,Stocks,USD,LRCX,,,241,,,-28929.15,-1.210302,28930.360302,0,104.12,
Trades,Data,Order,Stocks,USD,DU7647040,LUV,"2025-09-05, 09:30:02",-797,31.14,31.39,24818.58,-4.134836,-26615.832534,-1801.38737,-199.25,C;P
Trades,SubTotal,,Stocks,USD,LUV,,,-797,,,24818.58,-4.134836,-26615.832534,-1801.38737,-199.25,
Trades,Data,Order,Stocks,USD,DU7647040,LVS,"2025-09-05, 09:30:03",-114,55.029122807,53.7,6273.32,-1.021432,-4647.64399,1624.654578,151.52,C;P
Trades,SubTotal,,Stocks,USD,LVS,,,-114,,,6273.32,-1.021432,-4647.64399,1624.654578,151.52,
Trades,Data,Order,Stocks,USD,DU7647040,LYV,"2025-09-10, 09:30:04",157,170.88,170.9,-26828.16,-1.003454,26829.163454,0,3.14,O;P
Trades,Data,Order,Stocks,USD,DU7647040,LYV,"2025-09-17, 09:30:08",-157,170.43,169.37,26757.51,-1.029516,-26829.163454,-72.68297,166.42,C;P
Trades,SubTotal,,Stocks,USD,LYV,,,0,,,-70.65,-2.03297,0,-72.68297,169.56,
Trades,Data,Order,Stocks,USD,DU7647040,NCLH,"2025-09-12, 09:30:02","1,048",27.13,26.65,-28432.24,-5.263056,28437.503056,0,-503.04,O;P
Trades,Data,Order,Stocks,USD,DU7647040,NCLH,"2025-09-17, 09:30:01","-1,048",25.570458015,25.38,26797.84,-5.437024,-28437.503056,-1645.10008,199.6,C;P
Trades,SubTotal,,Stocks,USD,NCLH,,,0,,,-1634.4,-10.70008,0,-1645.10008,-303.44,
Trades,Data,Order,Stocks,USD,DU7647040,NDAQ,"2025-09-12, 09:30:03",294,95.76,93.95,-28153.44,-1.476468,28154.916468,0,-532.14,O;P
Trades,Data,Order,Stocks,USD,DU7647040,NDAQ,"2025-09-15, 09:30:09",-294,94,92.86,27636,-1.525272,-28154.916468,-520.44174,335.16,C;P
Trades,SubTotal,,Stocks,USD,NDAQ,,,0,,,-517.44,-3.00174,0,-520.44174,-196.98,
Trades,Data,Order,Stocks,USD,DU7647040,NET,"2025-09-09, 09:30:10",121,218.8,218.56,-26474.8,-1.002662,26475.802662,0,-29.04,O
Trades,SubTotal,,Stocks,USD,NET,,,121,,,-26474.8,-1.002662,26475.802662,0,-29.04,
Trades,Data,Order,Stocks,USD,DU7647040,NFLX,"2025-09-05, 09:30:09",-8,1263.62,1243.82,10108.96,-1.001504,-8095.560368,2012.398128,158.4,C
Trades,Data,Order,Stocks,USD,DU7647040,NFLX,"2025-09-10, 09:30:10",21,1266.98,1247.71,-26606.58,-1.000462,26607.580462,0,-404.67,O
Trades,Data,Order,Stocks,USD,DU7647040,NFLX,"2025-09-11, 09:30:47",-21,1248,1203.5,26208,-1.003948,-26607.580462,-400.58441,934.5,C
Trades,SubTotal,,Stocks,USD,NFLX,,,-8,,,9710.38,-3.005914,-8095.560368,1611.813718,688.23,
Trades,Data,Order,Stocks,USD,DU7647040,NLY,"2025-09-08, 09:30:07","1,213",22.062687552,22.16,-26762.04,-6.091686,26768.131686,0,118.04,O;P
Trades,Data,Order,Stocks,USD,DU7647040,NLY,"2025-09-17, 09:30:07","-1,213",21.85,21.9,26504.05,-6.293044,-26768.131686,-270.37473,-60.65,C;P
Trades,SubTotal,,Stocks,USD,NLY,,,0,,,-257.99,-12.38473,0,-270.37473,57.39,
Trades,Data,Order,Stocks,USD,DU7647040,NRG,"2025-09-05, 09:30:06",-82,148.55,147.66,12181.1,-1.015416,-8766.80287,3413.281714,72.98,C
Trades,Data,Order,Stocks,USD,DU7647040,NRG,"2025-09-11, 09:30:06",163,162.35196319,157.92,-26463.37,-1.003586,26464.373586,0,-722.41,O;P
Trades,Data,Order,Stocks,USD,DU7647040,NRG,"2025-09-12, 09:30:04",-163,157,164.84,25591,-1.030644,-26464.373586,-874.40423,-1277.92,C;P
Trades,Data,Order,Stocks,USD,DU7647040,NRG,"2025-09-16, 09:30:07",173,167.9,164.22,-29046.7,-1.003806,29047.703806,0,-636.64,O;P
Trades,Data,Order,Stocks,USD,DU7647040,NRG,"2025-09-17, 09:30:07",-173,164.868439306,164.58,28522.24,-1.032524,-29047.703806,-526.49633,49.9,C;P
Trades,SubTotal,,Stocks,USD,NRG,,,-82,,,10784.27,-5.085976,-8766.80287,2012.381154,-2514.09,
Trades,Data,Order,Stocks,USD,DU7647040,NTNX,"2025-09-09, 09:30:03",354,75.25,75.75,-26638.5,-1.777788,26640.277788,0,177,O
Trades,Data,Order,Stocks,USD,DU7647040,NTNX,"2025-09-16, 09:30:04",-354,78,77.7,27612,-1.836552,-26640.277788,969.88566,106.2,C
Trades,SubTotal,,Stocks,USD,NTNX,,,0,,,973.5,-3.61434,0,969.88566,283.2,
Trades,Data,Order,Stocks,USD,DU7647040,O,"2025-09-12, 09:30:03",469,60.105735608,60.41,-28189.59,-2.355318,28191.945318,0,142.7,O;P
Trades,SubTotal,,Stocks,USD,O,,,469,,,-28189.59,-2.355318,28191.945318,0,142.7,
Trades,Data,Order,Stocks,USD,DU7647040,PCG,"2025-09-12, 09:30:07","1,795",15.72,15.45,-28217.4,-9.01449,28226.41449,0,-484.65,O;P
Trades,Data,Order,Stocks,USD,DU7647040,PCG,"2025-09-17, 09:30:02","-1,795",15.028328691,15.09,26975.85,-9.31246,-28226.41449,-1259.87695,-110.7,C;P
Trades,SubTotal,,Stocks,USD,PCG,,,0,,,-1241.55,-18.32695,-0,-1259.87695,-595.35,
Trades,Data,Order,Stocks,USD,DU7647040,PINS,"2025-09-08, 09:30:07",706,38.260339943,37.95,-27011.8,-3.545532,27015.345532,0,-219.1,O;P
Trades,Data,Order,Stocks,USD,DU7647040,PINS,"2025-09-09, 09:30:03",-706,38.037422096,36.5,26854.42,-3.663028,-27015.345532,-164.58856,1085.42,C;P
Trades,SubTotal,,Stocks,USD,PINS,,,0,,,-157.38,-7.20856,0,-164.58856,866.32,
Trades,Data,Order,Stocks,USD,DU7647040,PNC,"2025-09-09, 09:30:06",-26,203.07,200.41,5279.82,-1.004888,-4506.54091,772.274202,69.16,C
Trades,SubTotal,,Stocks,USD,PNC,,,-26,,,5279.82,-1.004888,-4506.54091,772.274202,69.16,
Trades,Data,Order,Stocks,USD,DU7647040,PSX,"2025-09-09, 09:30:08",-205,131.14,132.29,26883.7,-1.06354,-26552.62951,330.00695,-235.75,C;P
Trades,SubTotal,,Stocks,USD,PSX,,,-205,,,26883.7,-1.06354,-26552.62951,330.00695,-235.75,
Trades,Data,Order,Stocks,USD,DU7647040,PYPL,"2025-09-05, 09:30:05",-64,68.83,68.26,4405.12,-1.012032,-4662.762944,-258.654976,36.48,C
Trades,SubTotal,,Stocks,USD,PYPL,,,-64,,,4405.12,-1.012032,-4662.762944,-258.654976,36.48,
Trades,Data,Order,Stocks,USD,DU7647040,RBLX,"2025-09-05, 09:30:02",-133,131.889774436,127.69,17541.34,-1.025004,-8739.104655,8801.210341,558.57,C;P
Trades,SubTotal,,Stocks,USD,RBLX,,,-133,,,17541.34,-1.025004,-8739.104655,8801.210341,558.57,
Trades,Data,Order,Stocks,USD,DU7647040,RBRK,"2025-09-09, 09:30:10",277,96,98.5,-26592,-1.391094,26593.391094,0,692.5,O
Trades,Data,Order,Stocks,USD,DU7647040,RBRK,"2025-09-11, 09:30:02",-277,82,77.89,22714,-1.437076,-26593.391094,-3880.82817,1138.47,C
Trades,SubTotal,,Stocks,USD,RBRK,,,0,,,-3878,-2.82817,0,-3880.82817,1830.97,
Trades,Data,Order,Stocks,USD,DU7647040,RCL,"2025-09-08, 09:30:12",-75,353,351.06,26475,-1.0141,-26475.25165,-1.26575,145.5,C
Trades,SubTotal,,Stocks,USD,RCL,,,-75,,,26475,-1.0141,-26475.25165,-1.26575,145.5,
Trades,Data,Order,Stocks,USD,DU7647040,RF,"2025-09-10, 09:30:13",-983,26.831363174,27.04,26375.23,-5.101304,-26595.086626,-224.95793,-205.09,C;P
Trades,SubTotal,,Stocks,USD,RF,,,-983,,,26375.23,-5.101304,-26595.086626,-224.95793,-205.09,
Trades,Data,Order,Stocks,USD,DU7647040,RKLB,"2025-09-05, 09:30:00",-553,43.507793852,45.84,24059.81,-2.868964,-26917.289931,-2860.348895,-1289.71,C;P
Trades,Data,Order,Stocks,USD,DU7647040,RKLB,"2025-09-16, 09:30:08",532,51.95,47.245,-27637.4,-2.671704,27640.071704,0,-2503.06,O;P
Trades,Data,Order,Stocks,USD,DU7647040,RKLB,"2025-09-17, 09:30:02",-532,47.518796992,48.08,25280,-2.760016,-27640.071704,-2362.83172,-298.56,C;P
Trades,SubTotal,,Stocks,USD,RKLB,,,-553,,,21702.41,-8.300684,-26917.289931,-5223.180615,-4091.33,
Trades,Data,Order,Stocks,USD,DU7647040,RKT,"2025-09-08, 09:31:18","1,322",20.465461422,20.48,-27055.34,-6.641084,27061.981084,0,19.22,O;P
Trades,SubTotal,,Stocks,USD,RKT,,,1322,,,-27055.34,-6.641084,27061.981084,0,19.22,
Trades,Data,Order,Stocks,USD,DU7647040,RTX,"2025-09-08, 09:30:18",-166,156.75,154.22,26020.5,-1.031208,-26583.263652,-563.79486,419.98,C
Trades,SubTotal,,Stocks,USD,RTX,,,-166,,,26020.5,-1.031208,-26583.263652,-563.79486,419.98,
Trades,Data,Order,Stocks,USD,DU7647040,SNAP,"2025-09-16, 09:30:02","3,860",7.431279793,7.74,-28684.74,-19.38492,28704.12492,0,1191.66,O;P
Trades,Data,Order,Stocks,USD,DU7647040,SNAP,"2025-09-17, 09:30:09","-3,860",7.769740933,7.99,29991.2,-20.02568,-28704.12492,1267.0494,-850.2,C;P
Trades,SubTotal,,Stocks,USD,SNAP,,,0,,,1306.46,-39.4106,0,1267.0494,341.46,
Trades,Data,Order,Stocks,USD,DU7647040,SYF,"2025-09-09, 09:30:08",-353,74.83,76.07,26414.99,-1.831364,-26653.274031,-240.115395,-437.72,C
Trades,SubTotal,,Stocks,USD,SYF,,,-353,,,26414.99,-1.831364,-26653.274031,-240.115395,-437.72,
Trades,Data,Order,Stocks,USD,DU7647040,TEAM,"2025-09-10, 09:30:07",146,181.64,174.32,-26519.44,-1.003212,26520.443212,0,-1068.72,O;P
Trades,Data,Order,Stocks,USD,DU7647040,TEAM,"2025-09-11, 09:30:10",-146,175.684246575,176.71,25649.9,-1.027448,-26520.443212,-871.57066,-149.76,C;P
Trades,SubTotal,,Stocks,USD,TEAM,,,0,,,-869.54,-2.03066,0,-871.57066,-1218.48,
Trades,Data,Order,Stocks,USD,DU7647040,TFC,"2025-09-09, 09:30:01",-574,45.861289199,45.29,26324.38,-2.977912,-26579.082627,-257.680539,327.92,C;P
Trades,SubTotal,,Stocks,USD,TFC,,,-574,,,26324.38,-2.977912,-26579.082627,-257.680539,327.92,
Trades,Data,Order,Stocks,USD,DU7647040,TPR,"2025-09-16, 09:30:07",261,110.18,109.5,-28756.98,-1.310742,28758.290742,0,-177.48,O;P
Trades,Data,Order,Stocks,USD,DU7647040,TPR,"2025-09-17, 09:30:05",-261,109.81,109.88,28660.41,-1.354068,-28758.290742,-99.234809,-18.27,C;P
Trades,SubTotal,,Stocks,USD,TPR,,,0,,,-96.57,-2.66481,0,-99.234809,-195.75,
Trades,Data,Order,Stocks,USD,DU7647040,TSLA,"2025-09-12, 09:30:06",76,372.27,395.94,-28292.52,-1.001672,28293.521672,0,1798.92,O
Trades,Data,Order,Stocks,USD,DU7647040,TSLA,"2025-09-16, 15:46:59",-76,422.32,421.62,32096.32,-1.014288,-28293.521672,3801.78404,53.2,C;L
Trades,SubTotal,,Stocks,USD,TSLA,,,0,,,3803.8,-2.01596,0,3801.78404,1852.12,
Trades,Data,Order,Stocks,USD,DU7647040,TXN,"2025-09-05, 09:30:04",-24,187,187.93,4488,-1.004632,-4471.96084,15.034528,-22.32,C
Trades,SubTotal,,Stocks,USD,TXN,,,-24,,,4488,-1.004632,-4471.96084,15.034528,-22.32,
Trades,Data,Order,Stocks,USD,DU7647040,UBER,"2025-09-05, 09:30:05",-114,91.94,90.99,10481.16,-1.021932,-8430.16399,2049.974078,108.3,C;P
Trades,Data,Order,Stocks,USD,DU7647040,UBER,"2025-09-16, 09:30:02",291,99.573161512,97.83,-28975.79,-1.461402,28977.251402,0,-507.26,O;P
Trades,SubTotal,,Stocks,USD,UBER,,,177,,,-18494.63,-2.483334,20547.087412,2049.974078,-398.96,
Trades,Data,Order,Stocks,USD,DU7647040,UNH,"2025-09-10, 09:30:30",76,345.2,346.78,-26235.2,-1.002052,26236.202052,0,120.08,O
Trades,Data,Order,Stocks,USD,DU7647040,UNH,"2025-09-17, 09:30:07",-76,338.77,341.61,25746.52,-1.014288,-26236.202052,-490.69634,-215.84,C
Trades,SubTotal,,Stocks,USD,UNH,,,0,,,-488.68,-2.01634,0,-490.69634,-95.76,
Trades,Data,Order,Stocks,USD,DU7647040,USB,"2025-09-17, 09:30:01",-104,48.59,49.61,5053.36,-1.019552,-4646.72474,405.615708,-106.08,C
Trades,SubTotal,,Stocks,USD,USB,,,-104,,,5053.36,-1.019552,-4646.72474,405.615708,-106.08,
Trades,Data,Order,Stocks,USD,DU7647040,VLO,"2025-09-12, 09:30:17",-181,157.77,156.72,28556.37,-1.034028,-26580.853982,1974.48199,190.05,C
Trades,SubTotal,,Stocks,USD,VLO,,,-181,,,28556.37,-1.034028,-26580.853982,1974.48199,190.05,
Trades,Data,Order,Stocks,USD,DU7647040,VST,"2025-09-11, 09:30:52",125,209.352,204.05,-26169,-1.002875,26170.002875,0,-662.75,O;P
Trades,Data,Order,Stocks,USD,DU7647040,VST,"2025-09-12, 09:30:18",-125,202.2,209.7,25275,-1.0235,-26170.002875,-896.026375,-937.5,C;P
Trades,Data,Order,Stocks,USD,DU7647040,VST,"2025-09-16, 09:30:21",134,213.628059701,209.43,-28626.16,-1.002948,28627.162948,0,-562.54,O;P
Trades,SubTotal,,Stocks,USD,VST,,,134,,,-29520.16,-3.029323,28627.162948,-896.026375,-2162.79,
Trades,Data,Order,Stocks,USD,DU7647040,VTR,"2025-09-11, 09:30:01",380,69.5,69.45,-26410,-1.90836,26411.90836,0,-19,O;P
Trades,Data,Order,Stocks,USD,DU7647040,VTR,"2025-09-17, 09:30:10",-380,68.002631579,67.34,25841,-1.97144,-26411.90836,-572.8798,251.8,C;P
Trades,SubTotal,,Stocks,USD,VTR,,,0,,,-569,-3.8798,0,-572.8798,232.8,
Trades,Data,Order,Stocks,USD,DU7647040,WBD,"2025-09-11, 09:30:01","2,101",12.629528796,16.17,-26534.64,-10.554222,26545.194222,0,7438.53,O;P
Trades,Data,Order,Stocks,USD,DU7647040,WBD,"2025-09-16, 15:46:59","-1,585",18.25,18.25,28926.25,-8.22298,-20034.68229,8883.34473,0,C;L;P
Trades,Data,Order,Stocks,USD,DU7647040,WBD,"2025-09-17, 09:30:00",-516,18.076395349,17.99,9327.42,-2.677008,-6510.511932,2814.23106,44.58,C;P
Trades,SubTotal,,Stocks,USD,WBD,,,0,,,11719.03,-21.45421,0,11697.57579,7483.11,
Trades,Data,Order,Stocks,USD,DU7647040,WDC,"2025-09-08, 09:30:05",291,92.77,93.29,-26996.07,-1.461402,26997.531402,0,151.32,O;P
Trades,SubTotal,,Stocks,USD,WDC,,,291,,,-26996.07,-1.461402,26997.531402,0,151.32,
Trades,Data,Order,Stocks,USD,DU7647040,WFC,"2025-09-05, 09:34:01",-326,81.616134969,78.96,26606.86,-1.691288,-26538.037172,67.13154,865.9,C;P
Trades,SubTotal,,Stocks,USD,WFC,,,-326,,,26606.86,-1.691288,-26538.037172,67.13154,865.9,
Trades,Data,Order,Stocks,USD,DU7647040,WMB,"2025-09-11, 09:30:08",448,58.95,59.33,-26409.6,-2.249856,26411.849856,0,170.24,O;P
Trades,Data,Order,Stocks,USD,DU7647040,WMB,"2025-09-16, 09:30:02",-448,58.32,57.95,26127.36,-2.324224,-26411.849856,-286.81408,165.76,C;P
Trades,SubTotal,,Stocks,USD,WMB,,,0,,,-282.24,-4.57408,0,-286.81408,336,
Trades,Data,Order,Stocks,USD,DU7647040,Z,"2025-09-09, 09:30:12",295,89.68,87.19,-26455.6,-1.48149,26457.08149,0,-734.55,O;P
Trades,Data,Order,Stocks,USD,DU7647040,Z,"2025-09-11, 09:30:11",-295,85.7,89.27,25281.5,-1.53046,-26457.08149,-1177.11195,-1053.15,C;P
Trades,SubTotal,,Stocks,USD,Z,,,0,,,-1174.1,-3.01195,0,-1177.11195,-1787.7,
Trades,Data,Order,Stocks,USD,DU7647040,ZTS,"2025-09-05, 09:30:09",-27,152.5,153.32,4117.5,-1.005076,-4446.010945,-329.516021,-22.14,C
Trades,SubTotal,,Stocks,USD,ZTS,,,-27,,,4117.5,-1.005076,-4446.010945,-329.516021,-22.14,
Trades,Total,,Stocks,USD,,,,,,,178520.3,-368.487195,-153440.603541,24711.209264,-1775.895, 
Dividends,Header,Currency,Account,Date,Description,Amount
Dividends,Data,USD,DU7647040,2025-08-29,CSX(US1264081035) Payment in Lieu of Dividend (Ordinary Dividend),19.63
Dividends,Data,USD,DU7647040,2025-09-02,ADI(US0326541051) Payment in Lieu of Dividend (Ordinary Dividend),143.55
Dividends,Data,USD,DU7647040,2025-09-02,CTVA(US22052L1044) Payment in Lieu of Dividend (Ordinary Dividend),64.8
Dividends,Data,USD,DU7647040,2025-09-02,KEY(US4932671088) Payment in Lieu of Dividend (Ordinary Dividend),57.61
Dividends,Data,USD,DU7647040,2025-09-02,RF(US7591EP1005) Payment in Lieu of Dividend (Ordinary Dividend),260.5
Dividends,Data,USD,DU7647040,2025-09-03,LUV(US8447411088) Payment in Lieu of Dividend (Ordinary Dividend),143.46
Dividends,Data,USD,DU7647040,2025-09-05,KMB(US4943681035) Payment in Lieu of Dividend (Ordinary Dividend),40.32
Dividends,Data,USD,DU7647040,2025-09-08,GOOGL(US02079K3059) Payment in Lieu of Dividend (Ordinary Dividend),5.46
Dividends,Data,USD,DU7647040,2025-09-12,WMB(US9694571004) Payment in Lieu of Dividend (Ordinary Dividend),224
Dividends,Data,USD,DU7647040,2025-09-15,UNH(US91324P1021) Payment in Lieu of Dividend (Ordinary Dividend),167.96
Dividends,Data,USD,DU7647040,2025-09-16,APH(US0320951017) Payment in Lieu of Dividend (Ordinary Dividend),19.31
Dividends,Data,Total,,,,1146.6
Interest,Header,Currency,Account,Date,Description,Amount
Interest,Data,USD,DU7647040,2025-09-04,USD Debit Interest for Aug-2025,-577.21
Interest,Data,Total,,,,-577.21
Interest Accruals,Header,Currency,Field Name,Field Value
Interest Accruals,Data,Base Currency Summary,Starting Accrual Balance,-325.15
Interest Accruals,Data,Base Currency Summary,Interest Accrued,-1712.25
Interest Accruals,Data,Base Currency Summary,Accrual Reversal,577.21
Interest Accruals,Data,Base Currency Summary,FX Translation,-0
Interest Accruals,Data,Base Currency Summary,Ending Accrual Balance,-1460.19
Financial Instrument Information,Header,Asset Category,Symbol,Description,Conid,Security ID,Underlying,Listing Exch,Multiplier,Type,Code
Financial Instrument Information,Data,Stocks,AAPL,APPLE INC,265598,US0378331005,AAPL,NASDAQ,1,COMMON,
Financial Instrument Information,Data,Stocks,ABBV,ABBVIE INC,118089500,US00287Y1091,ABBV,NYSE,1,COMMON,
Financial Instrument Information,Data,Stocks,ADI,ANALOG DEVICES INC,4157,US0326541051,ADI,NASDAQ,1,COMMON,
Financial Instrument Information,Data,Stocks,ALAB,ASTERA LABS INC,692196414,US04626A1034,ALAB,NASDAQ,1,COMMON,
Financial Instrument Information,Data,Stocks,ALLY,ALLY FINANCIAL INC,148233980,US02005N1000,ALLY,NYSE,1,COMMON,
Financial Instrument Information,Data,Stocks,AMAT,APPLIED MATERIALS INC,266093,US0382221051,AMAT,NASDAQ,1,COMMON,
Financial Instrument Information,Data,Stocks,AMZN,AMAZON.COM INC,3691937,US0231351067,AMZN,NASDAQ,1,COMMON,
Financial Instrument Information,Data,Stocks,ANET,ARISTA NETWORKS INC,740948854,US0404132054,ANET,NYSE,1,COMMON,
Financial Instrument Information,Data,Stocks,APH,AMPHENOL CORP-CL A,4493,US0320951017,APH,NYSE,1,COMMON,
Financial Instrument Information,Data,Stocks,APP,APPLOVIN CORP-CLASS A,481863646,US03831W1080,APP,NASDAQ,1,COMMON,
Financial Instrument Information,Data,Stocks,AVGO,BROADCOM INC,313130367,US11135F1012,AVGO,NASDAQ,1,COMMON,
Financial Instrument Information,Data,Stocks,AXP,AMERICAN EXPRESS CO,4721,US0258161092,AXP,NYSE,1,COMMON,
Financial Instrument Information,Data,Stocks,BK,BANK OF NEW YORK MELLON CORP,44986804,US0640581007,BK,NYSE,1,COMMON,
Financial Instrument Information,Data,Stocks,BX,BLACKSTONE INC,372834689,US09260D1072,BX,NYSE,1,COMMON,
Financial Instrument Information,Data,Stocks,CARR,CARRIER GLOBAL CORP,410755397,US14448C1045,CARR,NYSE,1,COMMON,
Financial Instrument Information,Data,Stocks,CART,MAPLEBEAR INC,655310909,US5653941030,CART,NASDAQ,1,COMMON,
Financial Instrument Information,Data,Stocks,CAT,CATERPILLAR INC,5437,US1491231015,CAT,NYSE,1,COMMON,
Financial Instrument Information,Data,Stocks,CCL,CARNIVAL CORP,5516,PA1436583006,CCL,NYSE,1,COMMON,
Financial Instrument Information,Data,Stocks,CEG,CONSTELLATION ENERGY,538132976,US21037T1097,CEG,NASDAQ,1,COMMON,
Financial Instrument Information,Data,Stocks,CFG,CITIZENS FINANCIAL GROUP,167955370,US1746101054,CFG,NYSE,1,COMMON,
Financial Instrument Information,Data,Stocks,CIEN,CIENA CORP,41045553,US1717793095,CIEN,NYSE,1,COMMON,
Financial Instrument Information,Data,Stocks,CL,COLGATE-PALMOLIVE CO,5749,US1941621039,CL,NYSE,1,COMMON,
Financial Instrument Information,Data,Stocks,CNC,CENTENE CORP,13878278,US15135B1017,CNC,NYSE,1,COMMON,
Financial Instrument Information,Data,Stocks,CNM,CORE & MAIN INC-CLASS A,504091781,US21874C1027,CNM,NYSE,1,COMMON,
Financial Instrument Information,Data,Stocks,COF,CAPITAL ONE FINANCIAL CORP,5941,US14040H1059,COF,NYSE,1,COMMON,
Financial Instrument Information,Data,Stocks,COHR,COHERENT CORP,584127832,US19247G1076,COHR,NYSE,1,COMMON,
Financial Instrument Information,Data,Stocks,CPB,THE CAMPBELL'S COMPANY,5980,US1344291091,CPB,NASDAQ,1,COMMON,
Financial Instrument Information,Data,Stocks,CPNG,COUPANG INC,475686899,US22266T1097,CPNG,NYSE,1,COMMON,
Financial Instrument Information,Data,Stocks,CRWD,CROWDSTRIKE HOLDINGS INC - A,370757467,US22788C1053,CRWD,NASDAQ,1,COMMON,
Financial Instrument Information,Data,Stocks,CSX,CSX CORP,6150,US1264081035,CSX,NASDAQ,1,COMMON,
Financial Instrument Information,Data,Stocks,CTVA,CORTEVA INC,366239371,US22052L1044,CTVA,NYSE,1,COMMON,
Financial Instrument Information,Data,Stocks,CVNA,CARVANA CO,274144952,US1468691027,CVNA,NYSE,1,COMMON,
Financial Instrument Information,Data,Stocks,DASH,DOORDASH INC - A,459309417,US25809K1051,DASH,NASDAQ,1,COMMON,
Financial Instrument Information,Data,Stocks,DHI,DR HORTON INC,268627,US23331A1097,DHI,NYSE,1,COMMON,
Financial Instrument Information,Data,Stocks,DLR,DIGITAL REALTY TRUST INC.,31832526,US2538681030,DLR,NYSE,1,REIT,
Financial Instrument Information,Data,Stocks,DLTR,DOLLAR TREE INC,49388062,US2567461080,DLTR,NASDAQ,1,COMMON,
Financial Instrument Information,Data,Stocks,DOCS,DOXIMITY INC-CLASS A,498661844,US26622P1075,DOCS,NYSE,1,COMMON,
Financial Instrument Information,Data,Stocks,DOCU,DOCUSIGN INC,316073742,US2561631068,DOCU,NASDAQ,1,COMMON,
Financial Instrument Information,Data,Stocks,EMR,EMERSON ELECTRIC CO,6842,US2910111044,EMR,NYSE,1,COMMON,
Financial Instrument Information,Data,Stocks,ENTG,ENTEGRIS INC,9653775,US29362U1043,ENTG,NASDAQ,1,COMMON,
Financial Instrument Information,Data,Stocks,EQT,EQT CORP,57698865,US26884L1098,EQT,NYSE,1,COMMON,
Financial Instrument Information,Data,Stocks,ES,EVERSOURCE ENERGY,182880167,US30040W1080,ES,NYSE,1,COMMON,
Financial Instrument Information,Data,Stocks,EXAS,EXACT SCIENCES CORP,11468575,US30063P1057,EXAS,NASDAQ,1,COMMON,
Financial Instrument Information,Data,Stocks,F,FORD MOTOR CO,9599491,US3453708600,F,NYSE,1,COMMON,
Financial Instrument Information,Data,Stocks,FCX,FREEPORT-MCMORAN INC,7089,US35671D8570,FCX,NYSE,1,COMMON,
Financial Instrument Information,Data,Stocks,FIS,FIDELITY NATIONAL INFO SERV,37866641,US31620M1062,FIS,NYSE,1,COMMON,
Financial Instrument Information,Data,Stocks,FLEX,FLEX LTD,4596077,SG9999000020,FLEX,NASDAQ,1,COMMON,
Financial Instrument Information,Data,Stocks,FTAI,FTAI AVIATION LTD,597016366,KYG3730V1059,FTAI,NASDAQ,1,COMMON,
Financial Instrument Information,Data,Stocks,FTI,TECHNIPFMC PLC,262072228,GB00BDSFG982,FTI,NYSE,1,COMMON,
Financial Instrument Information,Data,Stocks,FTV,FORTIVE CORP,236074120,US34959J1088,FTV,NYSE,1,COMMON,
Financial Instrument Information,Data,Stocks,GEHC,GE HEALTHCARE TECHNOLOGY,601776309,US36266G1076,GEHC,NASDAQ,1,COMMON,
Financial Instrument Information,Data,Stocks,GEV,GE VERNOVA INC,691984365,US36828A1016,GEV,NYSE,1,COMMON,
Financial Instrument Information,Data,Stocks,GILD,GILEAD SCIENCES INC,269753,US3755581036,GILD,NASDAQ,1,COMMON,
Financial Instrument Information,Data,Stocks,GIS,GENERAL MILLS INC,7616,US3703341046,GIS,NYSE,1,COMMON,
Financial Instrument Information,Data,Stocks,GLW,CORNING INC,7655,US2193501051,GLW,NYSE,1,COMMON,
Financial Instrument Information,Data,Stocks,GME,GAMESTOP CORP-CLASS A,36285627,US36467W1099,GME,NYSE,1,COMMON,
Financial Instrument Information,Data,Stocks,GOOGL,ALPHABET INC-CL A,208813719,US02079K3059,GOOGL,NASDAQ,1,COMMON,
Financial Instrument Information,Data,Stocks,GS,GOLDMAN SACHS GROUP INC,4627828,US38141G1040,GS,NYSE,1,COMMON,
Financial Instrument Information,Data,Stocks,HBAN,HUNTINGTON BANCSHARES INC,270018,US4461501045,HBAN,NASDAQ,1,COMMON,
Financial Instrument Information,Data,Stocks,HD,HOME DEPOT INC,7930,US4370761029,HD,NYSE,1,COMMON,
Financial Instrument Information,Data,Stocks,HRL,HORMEL FOODS CORP,8153,US4404521001,HRL,NYSE,1,COMMON,
Financial Instrument Information,Data,Stocks,HST,HOST HOTELS & RESORTS INC,8057,US44107P1049,HST,NASDAQ,1,REIT,
Financial Instrument Information,Data,Stocks,HWM,HOWMET AEROSPACE INC,403121976,US4432011082,HWM,NYSE,1,COMMON,
Financial Instrument Information,Data,Stocks,IBM,INTL BUSINESS MACHINES CORP,8314,US4592001014,IBM,NYSE,1,COMMON,
Financial Instrument Information,Data,Stocks,IOT,SAMSARA INC-CL A,532274461,US79589L1061,IOT,NYSE,1,COMMON,
Financial Instrument Information,Data,Stocks,KEY,KEYCORP,8809,US4932671088,KEY,NYSE,1,COMMON,
Financial Instrument Information,Data,Stocks,KMB,KIMBERLY-CLARK CORP,8864,US4943681035,KMB,NASDAQ,1,COMMON,
Financial Instrument Information,Data,Stocks,KMI,KINDER MORGAN INC,83975037,US49456B1017,KMI,NYSE,1,COMMON,
Financial Instrument Information,Data,Stocks,LOW,LOWE'S COS INC,9199,US5486611073,LOW,NYSE,1,COMMON,
Financial Instrument Information,Data,Stocks,LRCX,LAM RESEARCH CORP,732440574,US5128073062,LRCX,NASDAQ,1,COMMON,
Financial Instrument Information,Data,Stocks,LUV,SOUTHWEST AIRLINES CO,9282,US8447411088,LUV,NYSE,1,COMMON,
Financial Instrument Information,Data,Stocks,LVS,LAS VEGAS SANDS CORP,32602412,US5178341070,LVS,NYSE,1,COMMON,
Financial Instrument Information,Data,Stocks,LYV,LIVE NATION ENTERTAINMENT IN,37511786,US5380341090,LYV,NYSE,1,COMMON,
Financial Instrument Information,Data,Stocks,MU,MICRON TECHNOLOGY INC,9939,US5951121038,MU,NASDAQ,1,COMMON,
Financial Instrument Information,Data,Stocks,NCLH,NORWEGIAN CRUISE LINE HOLDIN,120643512,BMG667211046,NCLH,NYSE,1,COMMON,
Financial Instrument Information,Data,Stocks,NDAQ,NASDAQ INC,29380756,US6311031081,NDAQ,NASDAQ,1,COMMON,
Financial Instrument Information,Data,Stocks,NET,CLOUDFLARE INC - CLASS A,382633646,US18915M1071,NET,NYSE,1,COMMON,
Financial Instrument Information,Data,Stocks,NFLX,NETFLIX INC,15124833,US64110L1061,NFLX,NASDAQ,1,COMMON,
Financial Instrument Information,Data,Stocks,NLY,ANNALY CAPITAL MANAGEMENT IN,585013481,US0357108390,NLY,NYSE,1,REIT,
Financial Instrument Information,Data,Stocks,NRG,NRG ENERGY INC,10188791,US6293775085,NRG,NYSE,1,COMMON,
Financial Instrument Information,Data,Stocks,NTNX,NUTANIX INC - A,249850033,US67059N1081,NTNX,NASDAQ,1,COMMON,
Financial Instrument Information,Data,Stocks,O,REALTY INCOME CORP,10672,US7561091049,O,NYSE,1,REIT,
Financial Instrument Information,Data,Stocks,PCG,P G & E CORP,2586035,US69331C1080,PCG,NYSE,1,COMMON,
Financial Instrument Information,Data,Stocks,PINS,PINTEREST INC- CLASS A,360975915,US72352L1061,PINS,NYSE,1,COMMON,
Financial Instrument Information,Data,Stocks,PNC,PNC FINANCIAL SERVICES GROUP,11240,US6934751057,PNC,NYSE,1,COMMON,
Financial Instrument Information,Data,Stocks,PSX,PHILLIPS 66,105669270,US7185461040,PSX,NYSE,1,COMMON,
Financial Instrument Information,Data,Stocks,PYPL,PAYPAL HOLDINGS INC,199169591,US70450Y1038,PYPL,NASDAQ,1,COMMON,
Financial Instrument Information,Data,Stocks,RBLX,ROBLOX CORP -CLASS A,476026060,US7710491033,RBLX,NYSE,1,COMMON,
Financial Instrument Information,Data,Stocks,RBRK,RUBRIK INC-A,699030013,US7811541090,RBRK,NYSE,1,COMMON,
Financial Instrument Information,Data,Stocks,RCL,ROYAL CARIBBEAN CRUISES LTD,11520,LR0008862868,RCL,NYSE,1,COMMON,
Financial Instrument Information,Data,Stocks,RF,REGIONS FINANCIAL CORP,273815,US7591EP1005,RF,NYSE,1,COMMON,
Financial Instrument Information,Data,Stocks,RKLB,ROCKET LAB CORP,787273575,US7731211089,RKLB,NASDAQ,1,COMMON,
Financial Instrument Information,Data,Stocks,RKT,ROCKET COS INC-CLASS A,438058842,US77311W1018,RKT,NYSE,1,COMMON,
Financial Instrument Information,Data,Stocks,RTX,RTX CORP,415342104,US75513E1010,RTX,NYSE,1,COMMON,
Financial Instrument Information,Data,Stocks,SNAP,SNAP INC - A,268060148,US83304A1060,SNAP,NYSE,1,COMMON,
Financial Instrument Information,Data,Stocks,STX,SEAGATE TECHNOLOGY HOLDINGS,491932113,IE00BKVD2N49,STX,NASDAQ,1,COMMON,
Financial Instrument Information,Data,Stocks,SYF,SYNCHRONY FINANCIAL,162231797,US87165B1035,SYF,NYSE,1,COMMON,
Financial Instrument Information,Data,Stocks,TEAM,ATLASSIAN CORP-CL A,589316251,US0494681010,TEAM,NASDAQ,1,COMMON,
Financial Instrument Information,Data,Stocks,TFC,TRUIST FINANCIAL CORP,393460310,US89832Q1094,TFC,NYSE,1,COMMON,
Financial Instrument Information,Data,Stocks,TPR,TAPESTRY INC,292491487,US8760301072,TPR,NYSE,1,COMMON,
Financial Instrument Information,Data,Stocks,TSLA,TESLA INC,76792991,US88160R1014,TSLA,NASDAQ,1,COMMON,
Financial Instrument Information,Data,Stocks,TXN,TEXAS INSTRUMENTS INC,13096,US8825081040,TXN,NASDAQ,1,COMMON,
Financial Instrument Information,Data,Stocks,UBER,UBER TECHNOLOGIES INC,365207014,US90353T1007,UBER,NYSE,1,COMMON,
Financial Instrument Information,Data,Stocks,UNH,UNITEDHEALTH GROUP INC,13272,US91324P1021,UNH,NYSE,1,COMMON,
Financial Instrument Information,Data,Stocks,USB,US BANCORP,11669769,US9029733048,USB,NYSE,1,COMMON,
Financial Instrument Information,Data,Stocks,VLO,VALERO ENERGY CORP,13497,US91913Y1001,VLO,NYSE,1,COMMON,
Financial Instrument Information,Data,Stocks,VST,VISTRA CORP,254457731,US92840M1027,VST,NYSE,1,COMMON,
Financial Instrument Information,Data,Stocks,VTR,VENTAS INC.,4044062,US92276F1003,VTR,NYSE,1,REIT,
Financial Instrument Information,Data,Stocks,WBD,WARNER BROS DISCOVERY INC,554208351,US9344231041,WBD,NASDAQ,1,COMMON,
Financial Instrument Information,Data,Stocks,WDC,WESTERN DIGITAL CORP,13681,US9581021055,WDC,NASDAQ,1,COMMON,
Financial Instrument Information,Data,Stocks,WFC,WELLS FARGO & CO,10375,US9497461015,WFC,NYSE,1,COMMON,
Financial Instrument Information,Data,Stocks,WMB,WILLIAMS COS INC,13805,US9694571004,WMB,NYSE,1,COMMON,
Financial Instrument Information,Data,Stocks,Z,ZILLOW GROUP INC - C,201942684,US98954M2008,Z,NASDAQ,1,COMMON,
Financial Instrument Information,Data,Stocks,ZTS,ZOETIS INC,121665622,US98978V1035,ZTS,NYSE,1,COMMON,
Codes,Header,Code,Meaning,Code (Cont.),Meaning (Cont.)
Codes,Data,A,Assignment
Codes,Data,ADR,ADR Fee Accrual
Codes,Data,AEx,Automatic exercise for dividend-related recommendation.
Codes,Data,AFx,AutoFX conversion resulting from trading
Codes,Data,Adj,Adjustment
Codes,Data,Al,Allocation
Codes,Data,Aw,Away Trade
Codes,Data,B,Automatic Buy-in
Codes,Data,Bo,Direct Borrow
Codes,Data,C,Closing Trade
Codes,Data,CD,Cash Delivery
Codes,Data,CP,Complex Position
Codes,Data,Ca,Cancelled
Codes,Data,Co,Corrected Trade
Codes,Data,Cx,Part or all of this transaction was a Crossing executed as dual agent by IB for two IB customers
Codes,Data,DT,Discounted Trade
Codes,Data,De,Delivery or Conversion Action
Codes,Data,ETF,ETF Creation/Redemption
Codes,Data,Ep,Resulted from an Expired Position
Codes,Data,Ex,Exercise
Codes,Data,FP,The fractional portion of this trade was executed against IB or an affiliate.
Codes,Data,FPA,The fractional portion of this trade was executed against IB or an affiliate. IB acted as agent for the whole share portion of this trade.
Codes,Data,G,Trade in Guaranteed Account Segment
Codes,Data,GEA,Exercise or Assignment resulting from offsetting positions
Codes,Data,HC,Highest Cost tax basis election
Codes,Data,HFI,Investment Transferred to Hedge Fund
Codes,Data,HFR,Redemption from Hedge Fund
Codes,Data,I,Internal Transfer
Codes,Data,IA,The transaction was executed against IB or an affiliate
Codes,Data,IM,A portion of the order was executed against IB or an affiliate; IB acted as agent on a portion.
Codes,Data,INV,Investment Transfer from Investor
Codes,Data,IPO,This transaction was executed as part of an IPO in which IB was a member of the selling group and is classified as a Principal trade.
Codes,Data,L,Ordered by IB (Margin Violation)
Codes,Data,LD,Adjusted by Loss Disallowed from Wash Sale
Codes,Data,LF,Liquidation of fractional position by IB
Codes,Data,LI,"Last In, First Out (LIFO) tax basis election"
Codes,Data,LT,Long Term P/L
Codes,Data,Lo,Direct Loan
Codes,Data,M,Entered manually by IB
Codes,Data,MEx,Manual exercise for dividend-related recommendation.
Codes,Data,ML,Maximize Losses tax basis election
Codes,Data,MLG,Maximize Long Term Gain tax basis election
Codes,Data,MLL,Maximize Long Term Loss tax basis election
Codes,Data,MSG,Maximize Short Term Gain tax basis election
Codes,Data,MSL,Maximize Short Term Loss tax basis election
Codes,Data,O,Opening Trade
Codes,Data,Off,Yes and No contracts offset to $1.00 cash settlement
Codes,Data,P,Partial Execution
Codes,Data,PE,Perpetual Investment
Codes,Data,PI,Price Improvement
Codes,Data,PTA,Post Trade Allocation
Codes,Data,Po,Interest or Dividend Accrual Posting
Codes,Data,Pr,Part or all of this transaction was executed by the Exchange as a Crossing by IB against an IB affiliate and is therefore classified as a Principal and not an agency trade
Codes,Data,R,Dividend Reinvestment
Codes,Data,RED,Redemption to Investor
Codes,Data,RI,Recurring Investment
Codes,Data,RP,"IB acted as agent for the fractional share portion of this trade, which was executed by an IB affiliate as riskless principal."
Codes,Data,RPA,IB acted as agent for both the fractional share portion and the whole share portion of this trade; the fractional share portion was executed by an IB Affiliate as riskless principal.
Codes,Data,Rb,Rebill
Codes,Data,Re,Interest or Dividend Accrual Reversal
Codes,Data,Ri,Reimbursement
Codes,Data,S0,Contract settled to zero value
Codes,Data,S1,Contract settled to $1.00
Codes,Data,SF,Trade is subject to IBKR Lite Surcharge Fee if volume of such trades exceeds 10% of the total monthly Lite trade volume
Codes,Data,SI,This order was solicited by Interactive Brokers
Codes,Data,SL,Specific Lot tax basis election
Codes,Data,SO,This order was marked as solicited by your Introducing Broker
Codes,Data,SS,Customer designated this trade for shortened settlement and so is subject to execution at prices above the prevailing market
Codes,Data,ST,Short Term P/L
Codes,Data,T,Transfer
Codes,Data,Un,Unvested shares from stock grant
Codes,Data,XCH,Mutual Fund Exchange Transaction
